Won,Target,# Guesses,Guess 1,Guess 2,Guess 3,Guess 4,Guess 5,Guess 6,Guess 7,Guess 8,Guess 9,Guess 10
TRUE,jarvy,1,jarvy,,,,,,,,,
TRUE,orgue,2,bathe,orgue,,,,,,,,
TRUE,lehua,2,tegua,lehua,,,,,,,,
TRUE,corta,2,surat,corta,,,,,,,,
TRUE,jarry,2,quite,jarry,,,,,,,,
TRUE,noire,3,nobis,notre,noire,,,,,,,
TRUE,slush,3,ketch,flush,slush,,,,,,,
TRUE,anjan,3,curie,annal,anjan,,,,,,,
TRUE,teleg,3,spang,colog,teleg,,,,,,,
TRUE,flect,3,powan,curch,flect,,,,,,,
TRUE,parol,3,panga,padou,parol,,,,,,,
TRUE,dwell,3,dures,dedal,dwell,,,,,,,
TRUE,wiyot,3,becky,zayat,wiyot,,,,,,,
TRUE,tutin,3,wrast,logie,tutin,,,,,,,
TRUE,tatie,3,redig,titis,tatie,,,,,,,
TRUE,comas,3,heaps,somas,comas,,,,,,,
TRUE,ungot,3,truth,gigot,ungot,,,,,,,
TRUE,sited,3,rears,kited,sited,,,,,,,
TRUE,alloo,3,angor,achoo,alloo,,,,,,,
TRUE,crumb,3,alawi,proms,crumb,,,,,,,
TRUE,vimpa,3,tumid,vamos,vimpa,,,,,,,
TRUE,picky,3,pinus,picry,picky,,,,,,,
TRUE,vefry,3,ablet,riffi,vefry,,,,,,,
TRUE,grego,3,fraik,grece,grego,,,,,,,
TRUE,pudic,3,fames,tucky,pudic,,,,,,,
TRUE,toric,3,choil,staid,toric,,,,,,,
TRUE,contg,3,pacha,reneg,contg,,,,,,,
TRUE,nitta,3,orris,piety,nitta,,,,,,,
TRUE,hermi,3,plait,fermi,hermi,,,,,,,
TRUE,ponja,3,bints,maneh,ponja,,,,,,,
TRUE,spoor,3,seavy,skimo,spoor,,,,,,,
TRUE,decry,3,zoner,rearm,decry,,,,,,,
TRUE,steam,3,atnah,stram,steam,,,,,,,
TRUE,douar,3,facie,tubar,douar,,,,,,,
TRUE,howes,3,herms,hones,howes,,,,,,,
TRUE,quott,3,arith,mufty,quott,,,,,,,
TRUE,golgi,3,milan,gulps,golgi,,,,,,,
TRUE,enrol,3,cuban,inrol,enrol,,,,,,,
TRUE,could,3,grush,would,could,,,,,,,
TRUE,chips,3,twins,apios,chips,,,,,,,
TRUE,clags,3,chaja,clams,clags,,,,,,,
TRUE,sevum,3,ritzy,bevel,sevum,,,,,,,
TRUE,stink,3,sauna,sting,stink,,,,,,,
TRUE,dilly,3,upsup,dimmy,dilly,,,,,,,
TRUE,mynas,3,nudes,linos,mynas,,,,,,,
TRUE,clour,3,slour,flour,clour,,,,,,,
TRUE,puppy,3,chevy,tippy,puppy,,,,,,,
TRUE,janus,3,pinup,manul,janus,,,,,,,
TRUE,flurt,3,dildo,cumar,flurt,,,,,,,
TRUE,caged,3,hades,cameo,caged,,,,,,,
TRUE,bawke,3,bocks,bruke,bawke,,,,,,,
TRUE,orlos,3,urine,craps,orlos,,,,,,,
TRUE,glynn,3,glans,glenn,glynn,,,,,,,
TRUE,lotus,3,oside,vogul,lotus,,,,,,,
TRUE,hylic,4,kyars,eyoty,hying,hylic,,,,,,
TRUE,evite,4,nicer,howff,evase,evite,,,,,,
TRUE,sidth,4,crape,dilos,fisty,sidth,,,,,,
TRUE,morro,4,pride,scruf,karma,morro,,,,,,
TRUE,bored,4,bredi,barks,beryx,bored,,,,,,
TRUE,nutsy,4,brink,hetty,outly,nutsy,,,,,,
TRUE,sidth,4,lobes,spina,sudic,sidth,,,,,,
TRUE,aweto,4,cruth,motto,desto,aweto,,,,,,
TRUE,looed,4,tembe,lieus,lawed,looed,,,,,,
TRUE,hakka,4,aahed,kanap,casky,hakka,,,,,,
TRUE,hanky,4,minae,bonks,wanky,hanky,,,,,,
TRUE,atopy,4,majas,ankou,azofy,atopy,,,,,,
TRUE,taggy,4,score,manga,tawgi,taggy,,,,,,
TRUE,hilus,4,apsis,routs,dinks,hilus,,,,,,
TRUE,blenk,4,unlid,shaft,owner,blenk,,,,,,
TRUE,gleet,4,aloma,cleft,sleet,gleet,,,,,,
TRUE,micah,4,media,macks,mochy,micah,,,,,,
TRUE,cawky,4,alien,husho,barad,cawky,,,,,,
TRUE,mnium,4,meile,moist,maidu,mnium,,,,,,
TRUE,guids,4,arase,fowls,quids,guids,,,,,,
TRUE,goumi,4,crudy,thuja,moule,goumi,,,,,,
TRUE,sergt,4,moroc,girly,verst,sergt,,,,,,
TRUE,tibet,4,tends,tight,timet,tibet,,,,,,
TRUE,sauty,4,anury,fluey,poucy,sauty,,,,,,
TRUE,biali,4,silva,diple,aioli,biali,,,,,,
TRUE,gouts,4,cruth,saute,pluto,gouts,,,,,,
TRUE,cubit,4,lends,ccitt,coopt,cubit,,,,,,
TRUE,zymic,4,ghast,couve,primi,zymic,,,,,,
TRUE,board,4,azide,sturk,barry,board,,,,,,
TRUE,villa,4,verst,vicua,viola,villa,,,,,,
TRUE,whoso,4,tarri,lludd,coomb,whoso,,,,,,
TRUE,soars,4,petri,azury,chara,soars,,,,,,
TRUE,khond,4,paolo,shock,thowt,khond,,,,,,
TRUE,meany,4,among,peans,leany,meany,,,,,,
TRUE,hypes,4,linja,greet,supes,hypes,,,,,,
TRUE,smote,4,perty,basti,shots,smote,,,,,,
TRUE,quata,4,sloop,genae,dumba,quata,,,,,,
TRUE,caama,4,filao,steen,chaja,caama,,,,,,
TRUE,fusht,4,fados,frist,fumet,fusht,,,,,,
TRUE,onker,4,bauta,sonsy,pekin,onker,,,,,,
TRUE,simps,4,totem,fucks,rimas,simps,,,,,,
TRUE,kwapa,4,pipra,deota,yampa,kwapa,,,,,,
TRUE,coset,4,newts,humet,biset,coset,,,,,,
TRUE,kutta,4,ytter,futwa,jutka,kutta,,,,,,
TRUE,wynds,4,softa,grime,ulcus,wynds,,,,,,
TRUE,lepry,4,flesh,nippy,yaply,lepry,,,,,,
TRUE,ahong,4,curin,asset,ahold,ahong,,,,,,
TRUE,haole,4,girls,faulx,paolo,haole,,,,,,
TRUE,yenta,4,largy,divas,yente,yenta,,,,,,
TRUE,sower,4,tuzla,pewee,sowed,sower,,,,,,
TRUE,gnome,4,suets,clype,geode,gnome,,,,,,
TRUE,viral,4,uhlan,kabar,ceras,viral,,,,,,
TRUE,twice,4,agaty,slock,truce,twice,,,,,,
TRUE,chloe,4,genys,bajri,chomp,chloe,,,,,,
TRUE,gorse,4,zoque,dobie,moche,gorse,,,,,,
TRUE,pooli,4,sprag,zibet,xxiii,pooli,,,,,,
TRUE,bocal,4,tarps,local,vocal,bocal,,,,,,
TRUE,drily,4,citee,whalp,brill,drily,,,,,,
TRUE,minae,4,hurri,mappy,moble,minae,,,,,,
TRUE,peins,4,drink,amini,zeins,peins,,,,,,
TRUE,feuar,4,oaves,freyr,filar,feuar,,,,,,
TRUE,shoes,4,badon,youff,chowk,shoes,,,,,,
TRUE,ancle,4,orcin,paces,tyche,ancle,,,,,,
TRUE,bhang,4,barns,blind,beany,bhang,,,,,,
TRUE,rubin,4,dures,nunni,tubar,rubin,,,,,,
TRUE,scind,4,ounce,typal,rigid,scind,,,,,,
TRUE,blayk,4,sixmo,alder,playa,blayk,,,,,,
TRUE,amias,4,dinar,imbat,amaas,amias,,,,,,
TRUE,ennia,4,unram,knops,annet,ennia,,,,,,
TRUE,uskok,4,greys,lotta,unzip,uskok,,,,,,
TRUE,blowy,4,hoody,peony,globy,blowy,,,,,,
TRUE,bilks,4,axles,pulps,bolis,bilks,,,,,,
TRUE,djins,4,cacei,huffs,tills,djins,,,,,,
TRUE,shred,4,awash,mucid,spend,shred,,,,,,
TRUE,cupid,4,tared,floyd,numud,cupid,,,,,,
TRUE,depas,4,delit,deray,dedan,depas,,,,,,
TRUE,sstor,4,chock,quipu,rater,sstor,,,,,,
TRUE,bawly,4,newer,kiwis,bowly,bawly,,,,,,
TRUE,flare,4,manky,togae,spave,flare,,,,,,
TRUE,dabba,4,plebs,kunbi,babby,dabba,,,,,,
TRUE,ineri,4,wires,ictic,inerm,ineri,,,,,,
TRUE,dives,4,dunno,dampy,deles,dives,,,,,,
TRUE,quids,4,glaux,hutch,mumps,quids,,,,,,
TRUE,teals,4,zonic,ladle,weals,teals,,,,,,
TRUE,jujus,4,corah,dined,tutly,jujus,,,,,,
TRUE,gusto,4,cuifs,ruely,guama,gusto,,,,,,
TRUE,cavie,4,scale,fugie,cadie,cavie,,,,,,
TRUE,genep,4,izote,maggy,slurp,genep,,,,,,
TRUE,gibli,4,odeum,ghast,gilpy,gibli,,,,,,
TRUE,dinar,4,dunch,danes,donna,dinar,,,,,,
TRUE,waved,4,poise,lacey,waver,waved,,,,,,
TRUE,alifs,4,brawn,click,aliet,alifs,,,,,,
TRUE,leuma,4,scone,keita,bemba,leuma,,,,,,
TRUE,tavoy,4,pavin,cavus,wavey,tavoy,,,,,,
TRUE,puris,4,manor,rubes,juris,puris,,,,,,
TRUE,wauns,4,tinne,flunk,chung,wauns,,,,,,
TRUE,weste,4,olden,whipt,weave,weste,,,,,,
TRUE,frows,4,smuse,flaky,frogs,frows,,,,,,
TRUE,pardo,4,henge,yurts,carom,pardo,,,,,,
TRUE,spira,4,ephoi,spart,spurl,spira,,,,,,
TRUE,daffy,4,unown,cafes,dafla,daffy,,,,,,
TRUE,snaky,4,readd,snaps,snail,snaky,,,,,,
TRUE,gonif,4,fluff,swarf,gonof,gonif,,,,,,
TRUE,flint,4,stipo,chirt,aliet,flint,,,,,,
TRUE,momus,4,undue,strum,mopus,momus,,,,,,
TRUE,pease,4,punky,patte,pedee,pease,,,,,,
TRUE,amove,4,adret,angas,alive,amove,,,,,,
TRUE,salsa,4,omers,utick,snash,salsa,,,,,,
TRUE,bubas,4,blype,banns,buras,bubas,,,,,,
TRUE,flood,4,foggy,frisk,fazed,flood,,,,,,
TRUE,salmi,4,bayou,sanes,salma,salmi,,,,,,
TRUE,quiet,4,stagy,wrier,chiel,quiet,,,,,,
TRUE,whulk,4,edify,smolt,crull,whulk,,,,,,
TRUE,serve,4,rerun,zerda,serge,serve,,,,,,
TRUE,belch,4,apout,selfs,belle,belch,,,,,,
TRUE,begat,4,anime,hault,beget,begat,,,,,,
TRUE,holes,4,skimp,ratch,woden,holes,,,,,,
TRUE,fault,4,benet,humit,frust,fault,,,,,,
TRUE,haldu,4,hulks,helix,halfy,haldu,,,,,,
TRUE,basil,4,forel,civil,tahil,basil,,,,,,
TRUE,trink,4,chief,onion,grids,trink,,,,,,
TRUE,molds,4,ariot,suddy,gowds,molds,,,,,,
TRUE,gucks,4,weism,garbs,gulls,gucks,,,,,,
TRUE,monax,4,audit,bache,moors,monax,,,,,,
TRUE,mimeo,4,hakes,mixer,mimed,mimeo,,,,,,
TRUE,miaow,4,arroz,winos,picot,miaow,,,,,,
TRUE,celom,4,silos,alloy,relot,celom,,,,,,
TRUE,safar,4,saber,satyr,savor,safar,,,,,,
TRUE,bryon,4,atame,biron,boson,bryon,,,,,,
TRUE,hyoid,4,swans,kirve,lymph,hyoid,,,,,,
TRUE,field,4,wauls,coyly,neele,field,,,,,,
TRUE,acoin,4,cairn,altun,axmen,acoin,,,,,,
TRUE,donsy,4,crags,doley,donny,donsy,,,,,,
TRUE,chowk,4,pangi,slubs,thowt,chowk,,,,,,
TRUE,malay,4,oxlip,meles,malwa,malay,,,,,,
TRUE,velal,4,maill,artel,sepal,velal,,,,,,
TRUE,khasa,4,loric,weest,massa,khasa,,,,,,
TRUE,kylix,4,grace,fumid,hopis,kylix,,,,,,
TRUE,glyph,4,murza,poons,weigh,glyph,,,,,,
TRUE,buhls,4,bread,boyos,bints,buhls,,,,,,
TRUE,flume,4,raffe,glime,plume,flume,,,,,,
TRUE,levee,4,topaz,vimen,belee,levee,,,,,,
TRUE,yeast,4,paseo,yecch,yenta,yeast,,,,,,
TRUE,argid,4,souls,edith,bagdi,argid,,,,,,
TRUE,chows,4,jirga,lovee,photo,chows,,,,,,
TRUE,sturk,4,idism,thous,sturt,sturk,,,,,,
TRUE,bivvy,4,nevat,vivos,livid,bivvy,,,,,,
TRUE,gehey,4,tenor,seeps,dewey,gehey,,,,,,
TRUE,quila,4,barie,alvah,lings,quila,,,,,,
TRUE,bozal,4,aegis,wanna,bulak,bozal,,,,,,
TRUE,sault,4,gluts,maund,wauch,sault,,,,,,
TRUE,gange,4,stilb,nonya,henge,gange,,,,,,
TRUE,erika,4,creek,irony,trifa,erika,,,,,,
TRUE,scall,4,mondo,aptal,reuel,scall,,,,,,
TRUE,cueca,4,agata,colza,cueva,cueca,,,,,,
TRUE,nanas,4,nerol,nasua,nabby,nanas,,,,,,
TRUE,pombo,4,towai,codes,nobby,pombo,,,,,,
TRUE,robed,4,bulbs,zebra,gobet,robed,,,,,,
TRUE,peins,4,phasm,pleck,pirns,peins,,,,,,
TRUE,assis,4,seqwl,bourg,assai,assis,,,,,,
TRUE,yauld,4,baile,falls,dault,yauld,,,,,,
TRUE,minis,4,redia,conic,ignis,minis,,,,,,
TRUE,cutis,4,ahush,curdy,cufic,cutis,,,,,,
TRUE,louts,4,foamy,roque,loups,louts,,,,,,
TRUE,murry,4,gudes,quark,mucro,murry,,,,,,
TRUE,power,4,hault,pyrex,pewee,power,,,,,,
TRUE,genep,4,weary,femic,telos,genep,,,,,,
TRUE,bongo,4,wares,humpy,ginzo,bongo,,,,,,
TRUE,birri,4,impot,burry,berri,birri,,,,,,
TRUE,drung,4,shram,benet,inorg,drung,,,,,,
TRUE,tinta,4,clave,rindy,pinta,tinta,,,,,,
TRUE,whata,4,intel,kapur,wombs,whata,,,,,,
TRUE,nerds,4,unmad,voice,deedy,nerds,,,,,,
TRUE,dwyka,4,purls,axite,vacoa,dwyka,,,,,,
TRUE,tenet,4,viper,sawed,telex,tenet,,,,,,
TRUE,giron,4,goads,glime,gunny,giron,,,,,,
TRUE,grope,4,pases,monny,exopt,grope,,,,,,
TRUE,lohan,4,lader,lotan,lowan,lohan,,,,,,
TRUE,wharf,4,lakin,shure,chort,wharf,,,,,,
TRUE,twere,4,arnut,ombre,swire,twere,,,,,,
TRUE,fugio,4,darby,soget,vigil,fugio,,,,,,
TRUE,jiggy,4,dough,tragi,pinge,jiggy,,,,,,
TRUE,tilda,4,amuse,rotan,widdy,tilda,,,,,,
TRUE,apoda,4,stroy,lungi,epoch,apoda,,,,,,
TRUE,coala,4,gunja,hotta,colla,coala,,,,,,
TRUE,ulnar,4,uzbek,unius,upaya,ulnar,,,,,,
TRUE,grapy,4,garon,gular,gippy,grapy,,,,,,
TRUE,engem,4,ochro,gugal,engin,engem,,,,,,
TRUE,drawl,4,chews,blawn,drawk,drawl,,,,,,
TRUE,patao,4,whort,patta,patas,patao,,,,,,
TRUE,hault,4,brerd,yasht,magot,hault,,,,,,
TRUE,femme,4,conus,gammy,zimme,femme,,,,,,
TRUE,lapon,4,porta,biles,havoc,lapon,,,,,,
TRUE,dimmy,4,trone,valsa,dumky,dimmy,,,,,,
TRUE,aulic,4,dukhn,aueto,auris,aulic,,,,,,
TRUE,stich,4,scyth,shish,slich,stich,,,,,,
TRUE,hecks,4,denty,behav,geeks,hecks,,,,,,
TRUE,penna,4,awide,nesty,regga,penna,,,,,,
TRUE,wonts,4,lored,comma,woofs,wonts,,,,,,
TRUE,brogh,4,afire,wroth,broch,brogh,,,,,,
TRUE,ayahs,4,stine,gashy,aloha,ayahs,,,,,,
TRUE,pears,4,nyaya,shads,lears,pears,,,,,,
TRUE,belam,4,petal,relay,melam,belam,,,,,,
TRUE,fugal,4,chief,sably,frown,fugal,,,,,,
TRUE,writs,4,luteo,whift,wring,writs,,,,,,
TRUE,chary,4,adams,whalp,charr,chary,,,,,,
TRUE,sipes,4,stony,siker,sixes,sipes,,,,,,
TRUE,sagos,4,lazes,jaggs,vagas,sagos,,,,,,
TRUE,skuse,4,invoy,grece,kakke,skuse,,,,,,
TRUE,smalt,4,bater,plops,munia,smalt,,,,,,
TRUE,reels,4,dieri,noels,taels,reels,,,,,,
TRUE,fleay,4,final,fulah,fleas,fleay,,,,,,
TRUE,apods,4,grade,foods,plods,apods,,,,,,
TRUE,dedal,4,modem,dadap,didal,dedal,,,,,,
TRUE,latah,5,abled,tatou,patia,ratch,latah,,,,,
TRUE,blood,5,xylol,ninos,plook,bloom,blood,,,,,
TRUE,sidle,5,scuft,singe,siree,sidhe,sidle,,,,,
TRUE,horah,5,loony,momma,sorbs,corke,horah,,,,,
TRUE,alway,5,secco,bihai,raman,jugal,alway,,,,,
TRUE,drear,5,suber,dakir,donor,dewar,drear,,,,,
TRUE,balks,5,larid,fally,balas,balms,balks,,,,,
TRUE,uvala,5,reins,hooky,taula,duala,uvala,,,,,
TRUE,poohs,5,olchi,moths,qophs,yodhs,poohs,,,,,
TRUE,dryad,5,shema,tcawi,ungag,dayal,dryad,,,,,
TRUE,ruddy,5,plomb,carts,indii,reded,ruddy,,,,,
TRUE,sheth,5,yucch,atnah,semih,sooth,sheth,,,,,
TRUE,regur,5,quaky,loxes,zebub,petum,regur,,,,,
TRUE,listy,5,cothe,blini,lupis,liszt,listy,,,,,
TRUE,spoor,5,musth,filed,gconv,zooks,spoor,,,,,
TRUE,tench,5,tazza,tells,teuch,tetch,tench,,,,,
TRUE,lungy,5,ortet,plain,fuggy,budgy,lungy,,,,,
TRUE,bugre,5,trail,wynds,burgh,buffo,bugre,,,,,
TRUE,gugal,5,ousts,cumay,gujar,gulae,gugal,,,,,
TRUE,haydn,5,cindy,prude,boodh,namda,haydn,,,,,
TRUE,brant,5,vanda,whauk,craie,brats,brant,,,,,
TRUE,spurl,5,comdr,glaux,heths,spiry,spurl,,,,,
TRUE,geeks,5,kayos,execs,ileus,reeds,geeks,,,,,
TRUE,icier,5,aldea,coper,wheer,trier,icier,,,,,
TRUE,blizz,5,tanti,dixie,juror,flips,blizz,,,,,
TRUE,hitch,5,fagus,leith,cinch,ditch,hitch,,,,,
TRUE,kilij,5,kotow,keels,kinky,kilim,kilij,,,,,
TRUE,garce,5,auras,parer,cargo,farce,garce,,,,,
TRUE,sowan,5,duant,mewls,irwin,cowan,sowan,,,,,
TRUE,unsex,5,donsy,stere,nimbi,hauls,unsex,,,,,
TRUE,vigor,5,spurl,ainoi,tikor,vizor,vigor,,,,,
TRUE,ratwa,5,abuzz,frowl,chawk,stews,ratwa,,,,,
TRUE,coner,5,aviso,cooer,coper,coder,coner,,,,,
TRUE,whump,5,reefy,saqib,phpht,whoop,whump,,,,,
TRUE,halte,5,fourb,shags,depth,tinty,halte,,,,,
TRUE,parte,5,mayda,ganef,talks,parti,parte,,,,,
TRUE,othin,5,yasna,tudor,movie,intil,othin,,,,,
TRUE,flail,5,secus,ootid,filii,fraik,flail,,,,,
TRUE,foist,5,alvin,pipet,tryst,zoist,foist,,,,,
TRUE,rever,5,tacos,filum,deked,reneg,rever,,,,,
TRUE,toret,5,titar,tense,turco,throw,toret,,,,,
TRUE,serfs,5,njave,cloof,frits,seeps,serfs,,,,,
TRUE,mease,5,rajas,tilly,couch,fease,mease,,,,,
TRUE,eggar,5,cooly,fides,unbar,mahar,eggar,,,,,
TRUE,shune,5,bairn,hosts,whump,chuff,shune,,,,,
TRUE,orcas,5,erses,prims,fraus,grows,orcas,,,,,
TRUE,basta,5,rebid,slaky,hasht,nasua,basta,,,,,
TRUE,kalan,5,hakim,waget,carus,kayan,kalan,,,,,
TRUE,scrag,5,snark,scoup,sceat,sclaw,scrag,,,,,
TRUE,chara,5,omina,scuba,galla,ardea,chara,,,,,
TRUE,barbe,5,knars,herem,parde,carle,barbe,,,,,
TRUE,cavie,5,palla,badju,makos,navig,cavie,,,,,
TRUE,urnal,5,taipo,squad,break,urlar,urnal,,,,,
TRUE,psych,5,holer,gavia,suddy,phpht,psych,,,,,
TRUE,ilama,5,rerob,hasky,antic,guava,ilama,,,,,
TRUE,cocin,5,crois,conia,covin,colin,cocin,,,,,
TRUE,jowls,5,nacre,lumut,hobby,polio,jowls,,,,,
TRUE,seege,5,swale,skyre,steve,spece,seege,,,,,
TRUE,prepg,5,petal,ponds,picry,purge,prepg,,,,,
TRUE,hindu,5,sanka,contd,bundu,lendu,hindu,,,,,
TRUE,ceros,5,siket,needn,pepos,memos,ceros,,,,,
TRUE,samal,5,sneck,simba,somas,samaj,samal,,,,,
TRUE,vobis,5,eshin,lytic,oidia,upmix,vobis,,,,,
TRUE,hanse,5,ferie,gambe,tawse,lapse,hanse,,,,,
TRUE,bogle,5,decor,shang,gigge,fugle,bogle,,,,,
TRUE,fatil,5,socko,effie,fumid,fagin,fatil,,,,,
TRUE,great,5,yills,adoxa,therm,greet,great,,,,,
TRUE,enrut,5,tecla,river,shout,butut,enrut,,,,,
TRUE,scene,5,sunup,sasse,sithe,skene,scene,,,,,
TRUE,tuyer,5,rathe,lours,dinic,fubby,tuyer,,,,,
TRUE,rebab,5,romps,rizar,rabal,reban,rebab,,,,,
TRUE,rutyl,5,resue,ronni,rhumb,ruggy,rutyl,,,,,
TRUE,melic,5,crawm,tubik,modif,minis,melic,,,,,
TRUE,bocks,5,slams,knows,obeys,gibus,bocks,,,,,
TRUE,yamel,5,alaki,mulla,overs,pamhy,yamel,,,,,
TRUE,abate,5,tuart,elain,adawe,acate,abate,,,,,
TRUE,epopt,5,slant,tebet,might,poort,epopt,,,,,
TRUE,stile,5,ayllu,diols,scelp,shilf,stile,,,,,
TRUE,yacks,5,epris,lungs,whams,cooks,yacks,,,,,
TRUE,kinoo,5,clang,tumor,dinos,ninox,kinoo,,,,,
TRUE,flood,5,rorty,henge,axiom,spook,flood,,,,,
TRUE,couac,5,loxes,towan,corah,cocao,couac,,,,,
TRUE,ryder,5,rebid,roose,ratan,ruely,ryder,,,,,
TRUE,trona,5,campe,ordos,brink,grano,trona,,,,,
TRUE,indol,5,crowd,angka,unsun,invoy,indol,,,,,
TRUE,proto,5,stowp,plotx,pooty,photo,proto,,,,,
TRUE,amani,5,pyric,aliso,antae,akund,amani,,,,,
TRUE,umbel,5,molas,cuffy,hemen,gibel,umbel,,,,,
TRUE,gonal,5,mouse,notan,donax,jonah,gonal,,,,,
TRUE,virid,5,cavie,nymil,sprig,durio,virid,,,,,
TRUE,hipmi,5,coins,reget,quadi,limbi,hipmi,,,,,
TRUE,moths,5,bauld,sonic,roomy,totes,moths,,,,,
TRUE,educe,5,makua,drips,lough,educt,educe,,,,,
TRUE,rubin,5,gilim,apsid,cheir,orbit,rubin,,,,,
TRUE,bundu,5,ocote,sarum,hundi,bundy,bundu,,,,,
TRUE,yomim,5,pelts,dinky,royou,vocab,yomim,,,,,
TRUE,mused,5,woady,mixes,muter,mudee,mused,,,,,
TRUE,punct,5,hurts,gumly,tunna,ounce,punct,,,,,
TRUE,wrath,5,ortet,trama,fraik,drats,wrath,,,,,
TRUE,rehid,5,licca,morts,undye,repew,rehid,,,,,
TRUE,dingo,5,wingy,bingo,pingo,lingo,dingo,,,,,
TRUE,garni,5,mizen,anglo,sprit,karri,garni,,,,,
TRUE,benjy,5,awned,tonne,links,bench,benjy,,,,,
TRUE,butyl,5,zings,ralph,tutee,outly,butyl,,,,,
TRUE,soign,5,rouse,boson,solan,sozin,soign,,,,,
TRUE,spean,5,payen,sworn,shuln,stean,spean,,,,,
TRUE,thats,5,poggy,zanza,airth,thatd,thats,,,,,
TRUE,seals,5,samaj,shiko,surly,scall,seals,,,,,
TRUE,expwy,5,impar,hypos,guppy,yeply,expwy,,,,,
TRUE,galvo,5,bores,filly,unlaw,talpa,galvo,,,,,
TRUE,niata,5,amity,trets,width,niota,niata,,,,,
TRUE,joola,5,plunk,horry,fodge,mools,joola,,,,,
TRUE,rubor,5,sequa,munch,tutto,gurdy,rubor,,,,,
TRUE,pinna,5,nihil,tinea,jinja,xinca,pinna,,,,,
TRUE,wanly,5,farse,taipi,oakum,caval,wanly,,,,,
TRUE,urson,5,mesua,bushy,instr,fpsps,urson,,,,,
TRUE,fight,5,snowl,civet,pight,bight,fight,,,,,
TRUE,orrow,5,reran,fordy,birth,curls,orrow,,,,,
TRUE,idiom,5,civvy,tamus,bogle,dhoon,idiom,,,,,
TRUE,tript,5,spiel,twiny,thick,trifa,tript,,,,,
TRUE,hosta,5,frond,claik,humus,hasta,hosta,,,,,
TRUE,gowan,5,trapa,billy,fonds,hoove,gowan,,,,,
TRUE,upwax,5,reeds,tammy,buffo,appal,upwax,,,,,
TRUE,uvate,5,hasty,recto,flute,evite,uvate,,,,,
TRUE,beele,5,hilum,rakee,teste,beode,beele,,,,,
TRUE,creek,5,bodes,repel,infer,wheem,creek,,,,,
TRUE,cense,5,irwin,stall,fomes,chuse,cense,,,,,
TRUE,kophs,5,paean,toppy,sopor,kopis,kophs,,,,,
TRUE,coral,5,wizen,agata,lally,murks,coral,,,,,
TRUE,cujam,5,taste,milia,hunch,quoad,cujam,,,,,
TRUE,solum,5,ogler,pilmy,halts,boldo,solum,,,,,
TRUE,shock,5,ruses,baldy,iconv,chowk,shock,,,,,
TRUE,salud,5,frets,balau,salol,salix,salud,,,,,
TRUE,topau,5,dolos,bovey,coman,torah,topau,,,,,
TRUE,vocal,5,overs,cigua,nawab,tovah,vocal,,,,,
TRUE,artsy,5,loots,aimed,arjun,arhat,artsy,,,,,
TRUE,artsy,5,conny,tizzy,weepy,assay,artsy,,,,,
TRUE,serve,5,hexes,belli,femme,verse,serve,,,,,
TRUE,browd,5,aitis,mochy,verde,blown,browd,,,,,
TRUE,prole,5,eoith,kayos,umber,perle,prole,,,,,
TRUE,ackey,5,mayas,biune,jello,acedy,ackey,,,,,
TRUE,quoin,5,pelta,worry,chunk,dioon,quoin,,,,,
TRUE,ryots,5,leuma,foins,scops,dhows,ryots,,,,,
TRUE,bovey,5,antra,dioxy,cosey,poley,bovey,,,,,
TRUE,asway,5,agamy,afray,appay,alway,asway,,,,,
TRUE,araru,5,araba,arase,arado,arati,araru,,,,,
TRUE,staio,5,benne,slock,sauty,sitio,staio,,,,,
TRUE,snags,5,rhino,butat,padle,swack,snags,,,,,
TRUE,knyaz,5,nards,okapi,annum,entea,knyaz,,,,,
TRUE,boget,5,taipo,woolf,coude,royet,boget,,,,,
TRUE,kemps,5,hoard,veils,sects,menus,kemps,,,,,
TRUE,yechy,5,tench,vejoz,ferae,yeply,yechy,,,,,
TRUE,freck,5,spicy,dulce,coach,erect,freck,,,,,
TRUE,klaus,5,thoke,dauri,ascus,lygus,klaus,,,,,
TRUE,lazar,5,gombo,viuva,darks,hazer,lazar,,,,,
TRUE,torah,5,scams,nyoro,hidel,bajau,torah,,,,,
TRUE,robin,5,cyber,unbow,labba,oobit,robin,,,,,
TRUE,indue,5,criss,bogum,tuque,lieue,indue,,,,,
TRUE,tunis,5,aulic,dubio,humin,funis,tunis,,,,,
TRUE,wacky,5,ameed,saucy,gawky,jacky,wacky,,,,,
TRUE,crabs,5,kriss,drags,frays,arabs,crabs,,,,,
TRUE,rifer,5,marok,lunet,resex,riper,rifer,,,,,
TRUE,flaws,5,dauke,mohos,visas,grabs,flaws,,,,,
TRUE,toldo,5,hiver,jolly,molto,boldo,toldo,,,,,
TRUE,unden,5,rests,dulia,chowk,undee,unden,,,,,
TRUE,sosia,5,erses,sassy,sushi,sisal,sosia,,,,,
TRUE,plugs,5,winds,taels,frugs,slugs,plugs,,,,,
TRUE,arkab,5,filix,enorm,akasa,aggur,arkab,,,,,
TRUE,aspca,5,olpae,tapit,hypha,duppa,aspca,,,,,
TRUE,manna,5,mimus,molka,maana,magna,manna,,,,,
TRUE,smout,5,value,unput,chout,trout,smout,,,,,
TRUE,yquem,5,chain,loupe,urubu,geums,yquem,,,,,
TRUE,sains,5,amire,spitz,slick,shisn,sains,,,,,
TRUE,boral,5,tacan,speak,viral,mural,boral,,,,,
TRUE,pithy,5,maori,pyxis,pinny,pigly,pithy,,,,,
TRUE,direx,5,pikle,tiens,mimed,dicer,direx,,,,,
TRUE,hemen,5,gulas,reive,tebet,yemen,hemen,,,,,
TRUE,mobed,5,kivas,ytter,behen,mooed,mobed,,,,,
TRUE,shola,5,fetas,sarna,sidia,scopa,shola,,,,,
TRUE,conli,5,snigs,juked,canto,conin,conli,,,,,
TRUE,gazel,5,glede,galei,ganev,gazer,gazel,,,,,
TRUE,lomta,5,lilts,leath,lacto,lotta,lomta,,,,,
TRUE,saris,5,penup,logos,isbas,marks,saris,,,,,
TRUE,khaki,5,cuffy,eking,bisti,palki,khaki,,,,,
TRUE,kikki,5,poove,maids,nurly,gibbi,kikki,,,,,
TRUE,sordo,5,heave,goody,tondo,soldo,sordo,,,,,
TRUE,escar,5,matka,pygal,orias,aucan,escar,,,,,
TRUE,cadet,5,whirl,execs,bundy,modge,cadet,,,,,
TRUE,nexus,5,axiom,thews,lunks,pbxes,nexus,,,,,
TRUE,roker,5,buret,waked,icker,joker,roker,,,,,
TRUE,piute,5,gasts,punti,piety,piotr,piute,,,,,
TRUE,limma,5,jihad,listy,libra,liana,limma,,,,,
TRUE,groow,5,siker,cuban,floyt,odoom,groow,,,,,
TRUE,bizen,5,exalt,coude,vines,biker,bizen,,,,,
TRUE,krepi,5,exede,quean,breth,kreil,krepi,,,,,
TRUE,gorst,5,shawy,dipus,roker,mosso,gorst,,,,,
TRUE,quito,5,melch,dairy,snitz,uvito,quito,,,,,
TRUE,orles,5,ileac,etwee,noses,rules,orles,,,,,
TRUE,fairy,5,genal,fichu,frisk,fairm,fairy,,,,,
TRUE,ratos,5,halve,naiad,capot,maror,ratos,,,,,
TRUE,annul,5,deeps,nikau,tayra,aloof,annul,,,,,
TRUE,bight,5,etuis,adlai,bombo,bichy,bight,,,,,
TRUE,erato,5,dings,barer,trope,lrecl,erato,,,,,
TRUE,bobol,5,ident,payor,mojos,cohol,bobol,,,,,
TRUE,serow,5,bemol,tecon,resow,devow,serow,,,,,
TRUE,crime,5,butts,groff,craze,creme,crime,,,,,
TRUE,agasp,5,piert,loafs,asana,abash,agasp,,,,,
TRUE,vacuo,5,starn,bevel,cocci,kacha,vacuo,,,,,
TRUE,tolyl,5,meath,brios,pfund,jocko,tolyl,,,,,
TRUE,boart,5,galli,hoods,bonce,boxty,boart,,,,,
TRUE,frail,5,slink,forum,filed,fatal,frail,,,,,
TRUE,creme,5,rerun,palps,cobby,chive,creme,,,,,
TRUE,scald,5,telia,psalm,shall,skald,scald,,,,,
TRUE,indii,5,kempt,quais,ficin,xxiii,indii,,,,,
TRUE,bahoo,5,paler,nakoo,baboo,bazoo,bahoo,,,,,
TRUE,belts,5,litch,janes,sells,kelts,belts,,,,,
TRUE,queme,5,aflow,inker,jumps,gutte,queme,,,,,
TRUE,yogin,5,tulip,hafiz,cosin,ronin,yogin,,,,,
TRUE,pelon,5,toned,palpi,pulse,pylon,pelon,,,,,
TRUE,autem,5,atrip,ables,aotea,acted,autem,,,,,
TRUE,bunda,5,petto,basad,brick,bhalu,bunda,,,,,
TRUE,almeh,5,togue,imply,acrab,asked,almeh,,,,,
TRUE,justo,5,tushy,dusks,fusil,gusto,justo,,,,,
TRUE,levin,5,teiid,oenin,hemin,kevin,levin,,,,,
TRUE,scraw,5,plote,khuai,darac,scrag,scraw,,,,,
TRUE,dramm,5,prexy,trans,araca,brahm,dramm,,,,,
TRUE,ouphe,5,bozal,dukhn,ought,ouphs,ouphe,,,,,
TRUE,dooli,5,uniat,bikes,lloyd,drool,dooli,,,,,
TRUE,mayor,5,cruet,mills,morph,mayan,mayor,,,,,
TRUE,kiers,5,drops,knurs,kyars,keirs,kiers,,,,,
TRUE,venue,5,bawds,jenny,genre,tenue,venue,,,,,
TRUE,hasky,5,cloky,weaky,murky,zinky,hasky,,,,,
TRUE,objet,5,wield,shone,arber,boget,objet,,,,,
TRUE,worms,5,phons,studs,carks,forms,worms,,,,,
TRUE,sengi,5,cabal,jetty,needn,merop,sengi,,,,,
TRUE,grigs,5,putto,laich,frike,iring,grigs,,,,,
TRUE,niata,5,aylet,drugs,naoto,nitta,niata,,,,,
TRUE,itemy,5,zambo,dusun,grete,whewl,itemy,,,,,
TRUE,strae,5,midst,pahos,besan,scraw,strae,,,,,
TRUE,emigr,5,pirny,fowls,tuart,crier,emigr,,,,,
TRUE,barid,5,semis,alain,darii,oaric,barid,,,,,
TRUE,smyth,5,deuce,varia,kosos,glyph,smyth,,,,,
TRUE,uviol,5,shrew,bocoy,gazoz,idion,uviol,,,,,
TRUE,demon,5,stage,jower,mixup,cymol,demon,,,,,
TRUE,poros,5,faces,ouphs,priss,pomps,poros,,,,,
TRUE,pawaw,5,piles,phony,pampa,pattu,pawaw,,,,,
TRUE,coiny,5,cause,cloit,chico,coing,coiny,,,,,
TRUE,price,5,lakey,truth,pride,prise,price,,,,,
TRUE,picea,5,creme,hents,loxia,vicua,picea,,,,,
TRUE,furan,5,wales,fichu,fogon,frayn,furan,,,,,
TRUE,oskar,5,enemy,ovals,ootid,occur,oskar,,,,,
TRUE,gooma,5,elops,frown,about,cooky,gooma,,,,,
TRUE,rumen,5,state,cippi,leven,numen,rumen,,,,,
TRUE,cakra,5,tengu,foams,cavia,capra,cakra,,,,,
TRUE,wires,5,comdr,laith,knurs,eyres,wires,,,,,
TRUE,untin,5,karel,whity,gundi,biont,untin,,,,,
TRUE,buran,5,troco,manas,durax,purau,buran,,,,,
TRUE,gooky,5,vatic,rupee,mozos,godly,gooky,,,,,
TRUE,lewth,5,dives,battu,contr,weety,lewth,,,,,
TRUE,fines,5,trail,nixes,sizes,bines,fines,,,,,
TRUE,gadge,5,snaff,chert,bable,mauve,gadge,,,,,
TRUE,fanum,5,fulth,frase,foppy,fingu,fanum,,,,,
TRUE,cyber,5,immov,aldus,genre,crepy,cyber,,,,,
TRUE,squit,5,eloin,hakim,uprip,sudic,squit,,,,,
TRUE,swive,5,atony,ceres,jiqui,spike,swive,,,,,
TRUE,piety,5,cukes,grate,teeth,diety,piety,,,,,
TRUE,ugric,5,poyou,tamal,ruvid,seric,ugric,,,,,
TRUE,fined,5,rajes,covet,feued,fixed,fined,,,,,
TRUE,allah,5,sneds,yourt,mimic,halfa,allah,,,,,
TRUE,batwa,5,askar,impel,bundt,bhaga,batwa,,,,,
TRUE,senti,5,maida,thung,slope,siker,senti,,,,,
TRUE,exode,5,uluhi,casco,ryked,modge,exode,,,,,
TRUE,swoon,5,knyaz,divet,orlon,jomon,swoon,,,,,
TRUE,rheae,5,sears,parky,minae,aulae,rheae,,,,,
TRUE,bahoo,5,relic,bajan,basso,baboo,bahoo,,,,,
TRUE,druse,5,zonta,cuvee,while,pryse,druse,,,,,
TRUE,smock,5,undid,cloot,awork,shock,smock,,,,,
TRUE,glynn,5,mools,dived,canch,gruft,glynn,,,,,
TRUE,hurls,5,lehay,porns,dirls,burls,hurls,,,,,
TRUE,dosed,5,jough,coner,moved,toped,dosed,,,,,
TRUE,reifs,5,derek,relit,rewon,rebar,reifs,,,,,
TRUE,barba,5,leiss,ochna,buffa,bajra,barba,,,,,
TRUE,ngoma,5,purdy,sifts,knoll,agoge,ngoma,,,,,
TRUE,nantz,5,cunts,linty,menta,tanto,nantz,,,,,
TRUE,wheal,5,ninut,khoja,cheap,sheaf,wheal,,,,,
TRUE,weepy,5,lapse,hover,deddy,meiny,weepy,,,,,
TRUE,minny,5,gilts,himne,binna,jinny,minny,,,,,
TRUE,hexis,5,worms,nyxis,taxis,lexis,hexis,,,,,
TRUE,aunts,5,catti,boxty,nests,lunts,aunts,,,,,
TRUE,comic,5,arite,funis,lipid,ohmic,comic,,,,,
TRUE,secre,5,gilly,bason,stert,shure,secre,,,,,
TRUE,rutty,5,fairm,swoln,duppy,buggy,rutty,,,,,
TRUE,world,5,ripen,talky,chold,would,world,,,,,
TRUE,event,5,bhara,yelek,fique,noons,event,,,,,
TRUE,canal,5,toyer,cadus,cabal,caval,canal,,,,,
TRUE,gyves,5,mayed,terek,liven,bovey,gyves,,,,,
TRUE,stint,5,rates,bolty,immun,stich,stint,,,,,
TRUE,boosy,5,eases,jimbo,glout,prosy,boosy,,,,,
TRUE,cocci,5,sitio,banca,wrick,yecch,cocci,,,,,
TRUE,araks,5,derog,triac,arzun,araba,araks,,,,,
TRUE,choco,5,hasnt,pikle,brood,coomy,choco,,,,,
TRUE,plock,5,forth,valsa,mined,gluck,plock,,,,,
TRUE,durzi,5,uvito,sizar,elegy,bumph,durzi,,,,,
TRUE,rance,5,ambit,fondu,henen,canap,rance,,,,,
TRUE,cents,5,vises,braws,copus,clefs,cents,,,,,
TRUE,rimer,5,murks,ident,golpe,remex,rimer,,,,,
TRUE,gloze,5,abaka,ethic,ponos,muzzy,gloze,,,,,
TRUE,sancy,5,yarak,fancy,nancy,dancy,sancy,,,,,
TRUE,medio,5,shraf,dowly,genip,vedic,medio,,,,,
TRUE,druxy,5,bozal,sprew,thurm,drung,druxy,,,,,
TRUE,wazir,5,cloak,namda,sauty,waive,wazir,,,,,
TRUE,folly,5,fremt,flaff,funic,foods,folly,,,,,
TRUE,fuchi,5,clark,effet,zonic,fubsy,fuchi,,,,,
TRUE,lated,5,boras,gymel,tupek,finew,lated,,,,,
TRUE,hemin,5,fares,hogni,heezy,heuch,hemin,,,,,
TRUE,kumyk,5,warms,lench,fifty,poyou,kumyk,,,,,
TRUE,osone,5,grins,stony,zoona,clone,osone,,,,,
TRUE,spyer,5,bliss,wrote,spack,speed,spyer,,,,,
TRUE,sords,5,jelly,autos,pimps,sorbs,sords,,,,,
TRUE,locus,5,louty,lores,loons,loafs,locus,,,,,
TRUE,quill,5,ogmic,shads,tinty,quirl,quill,,,,,
TRUE,phyla,5,treks,unhad,vimpa,phaca,phyla,,,,,
TRUE,borty,5,stulm,racer,gront,divvy,borty,,,,,
TRUE,regle,5,darin,pushy,brere,recce,regle,,,,,
TRUE,nathe,5,deers,antal,often,tythe,nathe,,,,,
TRUE,mendy,5,fungi,ranks,nonly,tenty,mendy,,,,,
TRUE,tyigh,5,thurl,tacet,tiddy,toons,tyigh,,,,,
TRUE,cutey,5,apods,kingu,whewl,ember,cutey,,,,,
TRUE,crepy,5,habus,olden,pippy,weepy,crepy,,,,,
TRUE,kugel,5,piker,nosed,batel,lemel,kugel,,,,,
TRUE,diode,5,cubla,emote,froze,shode,diode,,,,,
TRUE,caleb,5,splad,multi,coley,celeb,caleb,,,,,
TRUE,skimp,5,ghoom,bunts,maire,skiff,skimp,,,,,
TRUE,fancy,5,yerth,gluck,aspca,banco,fancy,,,,,
TRUE,pedee,5,silos,tembu,ceded,heder,pedee,,,,,
TRUE,areek,5,khula,cresc,arend,arete,areek,,,,,
TRUE,chime,5,crile,chine,chide,chive,chime,,,,,
TRUE,ottar,5,idaho,colet,arson,gutty,ottar,,,,,
TRUE,plouk,5,talar,bowed,oghuz,unius,plouk,,,,,
TRUE,abeam,5,imams,fleck,avern,adept,abeam,,,,,
TRUE,amain,5,addie,amvis,amnic,ambit,amain,,,,,
TRUE,browd,5,lidos,haven,zmudz,crypt,browd,,,,,
TRUE,aigre,5,tegua,ragas,logie,eigne,aigre,,,,,
TRUE,artsy,5,putto,nates,mitra,artar,artsy,,,,,
TRUE,rojak,5,manie,surfs,crock,blayk,rojak,,,,,
TRUE,choel,5,onery,volta,fusee,piked,choel,,,,,
TRUE,bryum,5,manga,kreis,froth,drury,bryum,,,,,
TRUE,spare,5,halwe,guige,evade,scape,spare,,,,,
TRUE,vigor,5,clare,girth,kinos,vizor,vigor,,,,,
TRUE,oliva,5,blurb,flche,plasm,wloka,oliva,,,,,
TRUE,blush,5,shode,alvus,clich,plush,blush,,,,,
TRUE,jubas,5,tribe,lossy,numda,hucks,jubas,,,,,
TRUE,burst,5,demos,biffy,burka,burgh,burst,,,,,
TRUE,ferio,5,tawpi,fiber,flesh,fungo,ferio,,,,,
TRUE,sewan,5,sikra,songy,sauld,sexes,sewan,,,,,
TRUE,unken,5,fados,pipey,creel,unweb,unken,,,,,
TRUE,inken,5,drape,fluey,inset,inmew,inken,,,,,
TRUE,vamps,5,start,pokan,aleph,campy,vamps,,,,,
TRUE,nawle,5,claes,brule,ample,wanle,nawle,,,,,
TRUE,jilts,5,pursy,nowed,chalk,sifts,jilts,,,,,
TRUE,kioea,5,avoid,groat,choom,pions,kioea,,,,,
TRUE,duped,5,pyran,beode,light,sudes,duped,,,,,
TRUE,purey,5,glaik,shrew,duret,burez,purey,,,,,
TRUE,filth,5,spath,cooth,knuth,width,filth,,,,,
TRUE,momme,5,xeric,hands,motte,molge,momme,,,,,
TRUE,sinto,5,rimer,pians,ditto,visto,sinto,,,,,
TRUE,delit,5,lassu,chewy,topoi,venge,delit,,,,,
TRUE,perdy,5,ality,foppy,verry,percy,perdy,,,,,
TRUE,adust,5,telia,shurf,gauzy,aouad,adust,,,,,
TRUE,exude,5,pitta,honzo,cruck,meuse,exude,,,,,
TRUE,snurp,5,onmun,snipy,snurl,snurt,snurp,,,,,
TRUE,axiom,5,beant,drouk,calfs,hypha,axiom,,,,,
TRUE,peart,5,twain,bract,phaet,platt,peart,,,,,
TRUE,evade,5,their,dowse,glade,faade,evade,,,,,
TRUE,ocque,5,pommy,skoot,derve,bagle,ocque,,,,,
TRUE,pulps,5,stupe,kappa,propr,pulpy,pulps,,,,,
TRUE,beant,5,ruses,kiwai,avale,champ,beant,,,,,
TRUE,louey,5,gambs,tuned,jokey,holey,louey,,,,,
TRUE,choil,5,emirs,pondo,avail,fuzil,choil,,,,,
TRUE,bilge,5,synod,whump,bevil,birri,bilge,,,,,
TRUE,reach,5,rebid,retal,reams,reave,reach,,,,,
TRUE,kluck,5,vinca,chuck,pluck,gluck,kluck,,,,,
TRUE,badan,5,poult,skeen,yahan,jaman,badan,,,,,
TRUE,riffs,5,nicer,firth,riyal,risks,riffs,,,,,
TRUE,gloam,5,sauve,axion,dogly,groat,gloam,,,,,
TRUE,shela,5,amora,icica,sylva,sunna,shela,,,,,
TRUE,whelp,5,brows,dewey,algum,pinch,whelp,,,,,
TRUE,blake,5,finks,yolky,dauke,peeke,blake,,,,,
TRUE,udell,5,chino,tabus,lludd,upleg,udell,,,,,
TRUE,algae,5,nogai,vegas,zygal,rugae,algae,,,,,
TRUE,jamie,5,goyle,stane,rappe,baize,jamie,,,,,
TRUE,fence,5,nullo,frigs,faddy,feeze,fence,,,,,
TRUE,dodgy,5,kilom,dowed,donny,doddy,dodgy,,,,,
TRUE,matar,5,heedy,lanas,rajab,matai,matar,,,,,
TRUE,muntz,5,blase,pitch,doddy,murut,muntz,,,,,
TRUE,plotx,5,fluyt,alose,clomb,glood,plotx,,,,,
TRUE,swosh,5,lunes,admix,whoof,stock,swosh,,,,,
TRUE,banak,5,klieg,tsuba,annam,jonah,banak,,,,,
TRUE,arrie,5,felid,tupik,bibio,arsis,arrie,,,,,
TRUE,manuf,5,legit,corny,asaph,kamba,manuf,,,,,
TRUE,wicht,5,kelpy,maghi,husht,dicht,wicht,,,,,
TRUE,spuke,5,spawl,spins,sperm,spock,spuke,,,,,
TRUE,embar,5,talio,geyan,ephah,escar,embar,,,,,
TRUE,ranal,5,gyred,pilch,snowk,fanal,ranal,,,,,
TRUE,bysen,5,duree,novem,cafes,spiel,bysen,,,,,
TRUE,monel,5,urnae,linon,sends,boney,monel,,,,,
TRUE,ovula,5,pekes,tooth,canon,druxy,ovula,,,,,
TRUE,bronk,5,bogus,beery,briar,browd,bronk,,,,,
TRUE,boils,5,pelew,fchar,lousy,boing,boils,,,,,
TRUE,rheme,5,herem,knaps,chore,whute,rheme,,,,,
TRUE,plyer,5,bidar,emeer,guyer,pryer,plyer,,,,,
TRUE,morae,5,garbs,foret,worky,norie,morae,,,,,
TRUE,floit,5,crypt,awest,bight,knout,floit,,,,,
TRUE,wreck,5,hawks,bruit,orkey,freck,wreck,,,,,
TRUE,jubus,5,woozy,frden,clubs,gasps,jubus,,,,,
TRUE,slojd,5,eaved,rorid,flood,sloyd,slojd,,,,,
TRUE,drinn,5,paler,turgy,knish,djinn,drinn,,,,,
TRUE,booed,5,skulk,pooch,boone,boozy,booed,,,,,
TRUE,bundu,5,impel,sauna,buddh,bundt,bundu,,,,,
TRUE,decks,5,chude,ingem,doffs,drats,decks,,,,,
TRUE,flocs,5,jelib,munga,cohol,plots,flocs,,,,,
TRUE,ripen,5,dinic,timer,ribes,rivel,ripen,,,,,
TRUE,resat,5,tromp,leers,sedat,jebat,resat,,,,,
TRUE,barit,5,dossy,abele,matti,janua,barit,,,,,
TRUE,runny,5,satis,oopod,weeny,bunny,runny,,,,,
TRUE,quest,5,flusk,worst,egest,idest,quest,,,,,
TRUE,poems,5,gaist,round,kooky,hoses,poems,,,,,
TRUE,arrha,5,again,abler,apoda,arusa,arrha,,,,,
TRUE,mudde,5,envoy,sakes,lucid,buddh,mudde,,,,,
TRUE,accra,5,ahold,arage,asian,abura,accra,,,,,
TRUE,stipo,5,takao,pengo,zucco,solio,stipo,,,,,
TRUE,slaws,5,algae,ulans,plats,slays,slaws,,,,,
TRUE,crump,5,genit,blams,fcomp,whump,crump,,,,,
TRUE,durum,5,islay,egret,corpn,kurku,durum,,,,,
TRUE,buxus,5,trefa,mogul,sunup,cucuy,buxus,,,,,
TRUE,scovy,5,twats,ochro,scuff,scene,scovy,,,,,
TRUE,thole,5,spore,exode,atone,obole,thole,,,,,
TRUE,tuyer,5,dingo,flyby,tryma,twyer,tuyer,,,,,
TRUE,gotta,5,honed,costs,motty,lotto,gotta,,,,,
TRUE,goads,5,packs,ulvas,tofts,moods,goads,,,,,
TRUE,neese,5,tulle,cabre,messe,peise,neese,,,,,
TRUE,damas,5,dusio,daraf,danae,dadas,damas,,,,,
TRUE,whews,5,whilk,whase,whort,wheys,whews,,,,,
TRUE,zeros,5,liven,dorps,germs,yerks,zeros,,,,,
TRUE,jalap,5,otary,nenes,lludd,galah,jalap,,,,,
TRUE,abaka,5,antre,albus,afoam,ajaja,abaka,,,,,
TRUE,bison,5,warps,imide,gibli,bisso,bison,,,,,
TRUE,wispy,5,mamma,boucl,dekes,spitz,wispy,,,,,
TRUE,minos,5,patio,kokum,defog,minow,minos,,,,,
TRUE,waler,5,hogen,valet,paler,baler,waler,,,,,
TRUE,spies,5,shope,smaik,sered,splet,spies,,,,,
TRUE,torve,5,laith,reddy,ngwee,couve,torve,,,,,
TRUE,instr,5,datum,svelt,hoick,wispy,instr,,,,,
TRUE,pioxe,5,pikey,pinus,piezo,pilar,pioxe,,,,,
TRUE,bocca,5,aware,dicty,bocal,bocks,bocca,,,,,
TRUE,bards,5,micht,boers,blaws,bunds,bards,,,,,
TRUE,imine,5,scorn,jutty,amadi,immew,imine,,,,,
TRUE,fitly,5,bates,vitry,lithy,ditty,fitly,,,,,
TRUE,beeve,5,skyte,niece,feeze,beele,beeve,,,,,
TRUE,goldi,5,antic,deloo,hulks,lolly,goldi,,,,,
TRUE,froes,5,gapes,yowes,fires,fumes,froes,,,,,
TRUE,pinta,5,cajou,splet,bibby,rimpi,pinta,,,,,
TRUE,agrom,5,squat,doncy,whare,grimm,agrom,,,,,
TRUE,vrouw,5,binna,toyed,fulup,scouk,vrouw,,,,,
TRUE,sooty,5,maral,bisti,kyoto,scott,sooty,,,,,
TRUE,sposh,5,fleam,shown,spout,spook,sposh,,,,,
TRUE,pinks,5,wafty,hoboe,dills,picks,pinks,,,,,
TRUE,amend,5,sorty,imide,ampul,amban,amend,,,,,
TRUE,grebo,5,satan,horme,kilij,gregg,grebo,,,,,
TRUE,givey,5,beath,lungs,mowed,pryer,givey,,,,,
TRUE,ranis,5,snite,goony,punas,canis,ranis,,,,,
TRUE,trill,5,maral,bezel,wholl,trull,trill,,,,,
TRUE,fator,5,pieta,furor,floor,favor,fator,,,,,
TRUE,tasks,5,scale,tufas,troys,tipis,tasks,,,,,
TRUE,rigor,5,visas,zincy,hiper,mikir,rigor,,,,,
TRUE,dopas,5,gramy,batea,ouphs,copis,dopas,,,,,
TRUE,yeses,5,rheen,sisel,fused,coses,yeses,,,,,
TRUE,naias,5,yulan,tiwaz,obias,chias,naias,,,,,
TRUE,india,5,redig,audio,sadis,indic,india,,,,,
TRUE,mongo,5,brawn,sinky,lenth,mungo,mongo,,,,,
TRUE,cheap,5,mower,tuant,feels,cheki,cheap,,,,,
TRUE,point,5,petos,picky,parma,polit,point,,,,,
TRUE,tangs,5,acale,mothy,snigs,dangs,tangs,,,,,
TRUE,pitau,5,ramie,slugs,octad,kitan,pitau,,,,,
TRUE,coact,5,wramp,chaos,clavi,cyano,coact,,,,,
TRUE,copal,5,cunit,coyos,coped,copra,copal,,,,,
TRUE,typed,5,pangi,cukes,wheel,dorey,typed,,,,,
TRUE,clags,5,swazi,flash,alant,glaum,clags,,,,,
TRUE,ronga,5,carga,ziega,tunga,ponga,ronga,,,,,
TRUE,vobis,5,outed,palch,rooky,bongs,vobis,,,,,
TRUE,merce,5,taxer,crool,skins,meece,merce,,,,,
TRUE,panus,5,morel,chaps,funds,ginks,panus,,,,,
TRUE,chlor,5,frits,gayal,mowch,rhoeo,chlor,,,,,
TRUE,wilds,5,viers,biffs,winks,wilts,wilds,,,,,
TRUE,brett,5,frost,trant,gript,cruet,brett,,,,,
TRUE,sphex,5,unite,feyer,waxes,hovel,sphex,,,,,
TRUE,wayne,5,arere,cosie,latke,hayne,wayne,,,,,
TRUE,gauze,5,fusty,moxie,craze,wanze,gauze,,,,,
TRUE,staid,5,bromo,gyges,clint,squad,staid,,,,,
TRUE,daraf,5,gyrus,morth,varve,darin,daraf,,,,,
TRUE,quata,5,trays,clape,whata,agata,quata,,,,,
TRUE,bolts,5,flies,agons,tumps,botts,bolts,,,,,
TRUE,thief,5,dynel,mster,awhet,tepee,thief,,,,,
TRUE,rimer,5,rotge,rebel,rapes,rimed,rimer,,,,,
TRUE,fours,6,emeer,pinup,cotch,yolky,forra,fours,,,,
TRUE,mogul,6,whoop,mouly,morae,mongo,mosul,mogul,,,,
TRUE,divid,6,sugar,vizzy,limli,cinch,diode,divid,,,,
TRUE,grete,6,vogie,fadge,thyme,entte,scute,grete,,,,
TRUE,qaids,6,sprad,makuk,gaize,taily,caids,qaids,,,,
TRUE,gilia,6,eared,umaua,licca,viola,binna,gilia,,,,
TRUE,mabel,6,tying,slaum,cheer,baked,palew,mabel,,,,
TRUE,hylas,6,malls,pelfs,silas,bolas,gulas,hylas,,,,
TRUE,dujan,6,lemel,busti,junky,quoad,aucan,dujan,,,,
TRUE,vires,6,sajou,behew,viner,vives,vices,vires,,,,
TRUE,sheal,6,aruke,glial,noxal,petal,bayal,sheal,,,,
TRUE,sprue,6,comby,rager,qursh,ifrit,derve,sprue,,,,
TRUE,weeda,6,goloe,kiths,creep,daeva,edema,weeda,,,,
TRUE,turco,6,dabba,siroc,gurge,lurky,curch,turco,,,,
TRUE,homes,6,linja,brott,pucks,mohos,hoggs,homes,,,,
TRUE,wolof,6,hubba,ryder,knock,soils,volow,wolof,,,,
TRUE,chord,6,kreis,gally,mowch,buroo,thoft,chord,,,,
TRUE,ledgy,6,neums,teddy,hedgy,kedgy,wedgy,ledgy,,,,
TRUE,cordy,6,dahms,tenio,brubu,locky,goopy,cordy,,,,
TRUE,unboy,6,pishu,dreed,anjan,gnoff,unbow,unboy,,,,
TRUE,dulce,6,penny,moors,cigua,butte,fuzee,dulce,,,,
TRUE,gaumy,6,sagan,barie,gazoz,gayly,gaudy,gaumy,,,,
TRUE,lethy,6,djinn,oyers,puggy,cabby,ketty,lethy,,,,
TRUE,etwee,6,unmix,hayes,tweed,botel,kever,etwee,,,,
TRUE,rusky,6,athel,ixion,dubby,rumpy,rucky,rusky,,,,
TRUE,gyron,6,tanzy,using,poove,byron,myron,gyron,,,,
TRUE,amici,6,rowte,sivan,haida,climb,afifi,amici,,,,
TRUE,aoife,6,zeist,arioi,axine,alive,amide,aoife,,,,
TRUE,dhows,6,penni,casky,soord,blots,quods,dhows,,,,
TRUE,cetes,6,allez,ember,coved,chief,cepes,cetes,,,,
TRUE,situp,6,dimly,zizia,nieve,tipup,fixup,situp,,,,
TRUE,caved,6,snort,whick,lumpy,vedda,caged,caved,,,,
TRUE,fogas,6,sabir,thone,luxus,kosos,codas,fogas,,,,
TRUE,elder,6,coach,leeds,tilty,puree,endew,elder,,,,
TRUE,loggy,6,shemu,flint,rollo,wodgy,poggy,loggy,,,,
TRUE,midgy,6,kokan,bever,flits,zhmud,giddy,midgy,,,,
TRUE,upsup,6,smith,bulbs,cruce,foppy,ganga,upsup,,,,
TRUE,seems,6,seres,seals,semis,sends,secos,seems,,,,
TRUE,sixth,6,booth,derth,tuath,smyth,swith,sixth,,,,
TRUE,momma,6,simon,gemel,womby,rompu,homam,momma,,,,
TRUE,ayahs,6,baken,twist,fcomp,ursus,hylas,ayahs,,,,
TRUE,kikki,6,cates,riffi,gibbi,zimmi,kikoi,kikki,,,,
TRUE,oshac,6,olden,ought,oozoa,ofays,osmic,oshac,,,,
TRUE,crete,6,marry,sewer,flick,bonze,crepe,crete,,,,
TRUE,wombs,6,ramus,semis,homos,comps,tombs,wombs,,,,
TRUE,obeys,6,pygal,boiko,uncus,weeds,stems,obeys,,,,
TRUE,paddy,6,nulls,porta,phebe,pipid,pawaw,paddy,,,,
TRUE,hemps,6,thane,gross,feces,kepis,helms,hemps,,,,
TRUE,hecks,6,abrus,milos,sneds,fecks,gecks,hecks,,,,
TRUE,voice,6,shard,klunk,piety,effie,woibe,voice,,,,
TRUE,neoza,6,cryal,smous,exode,kioko,azoth,neoza,,,,
TRUE,donax,6,barbe,potty,conks,fondu,gonid,donax,,,,
TRUE,podal,6,aberr,logic,towny,poops,pouff,podal,,,,
TRUE,veers,6,hafiz,wodge,blens,treks,veeps,veers,,,,
TRUE,clava,6,cluck,clops,cline,clary,clamb,clava,,,,
TRUE,tsuga,6,chili,porry,qubba,kaska,medea,tsuga,,,,
TRUE,etyma,6,quasi,bewet,aheap,tangy,lotte,etyma,,,,
TRUE,ottos,6,felup,crcao,hoddy,msink,stoss,ottos,,,,
TRUE,zirak,6,leafy,scran,barat,ihram,korai,zirak,,,,
TRUE,uplit,6,repro,dimin,hagia,pyxis,cubit,uplit,,,,
TRUE,maids,6,breba,hotly,cacam,gaddi,maidu,maids,,,,
TRUE,cooee,6,warms,hogni,poppy,bodle,foute,cooee,,,,
TRUE,stauk,6,elder,mungy,fiats,chaja,boast,stauk,,,,
TRUE,flips,6,hames,porks,lysis,tilts,buffs,flips,,,,
TRUE,desma,6,riant,lough,askew,daffy,deess,desma,,,,
TRUE,geist,6,takes,slice,whiny,exist,reist,geist,,,,
TRUE,cepes,6,bench,fezes,meles,dexes,jetes,cepes,,,,
TRUE,katun,6,rayed,lakhs,manak,gavot,tawpi,katun,,,,
TRUE,ceint,6,peggy,beths,meril,kenno,feint,ceint,,,,
TRUE,depth,6,jello,feria,vetus,wemmy,beden,depth,,,,
TRUE,eemis,6,kebar,sewed,nevus,heels,yetis,eemis,,,,
TRUE,baron,6,bizel,bumps,bandh,baton,bacon,baron,,,,
TRUE,coops,6,keeks,situs,cayos,cools,coons,coops,,,,
TRUE,huffy,6,botts,decan,whump,filix,huzzy,huffy,,,,
TRUE,eaten,6,prahu,covey,skees,waxed,gagee,eaten,,,,
TRUE,gules,6,kinoo,utees,razes,gyves,glues,gules,,,,
TRUE,hosed,6,namma,boffs,hoper,hooey,hosel,hosed,,,,
TRUE,rotan,6,fends,clown,gazon,hokan,botan,rotan,,,,
TRUE,rimed,6,galvo,treen,dices,hided,riped,rimed,,,,
TRUE,carle,6,rovet,sheld,pulli,engle,acale,carle,,,,
TRUE,duits,6,alife,prior,chivy,skins,twits,duits,,,,
TRUE,adult,6,spans,firth,medoc,dabby,uvula,adult,,,,
TRUE,huffs,6,claik,peeoy,thund,jujus,vuggs,huffs,,,,
TRUE,apism,6,sleet,middy,pahos,jussi,agism,apism,,,,
TRUE,knish,6,ousel,savvy,jinns,chirm,twixt,knish,,,,
TRUE,firma,6,panga,cobra,luffa,keita,imvia,firma,,,,
TRUE,silyl,6,spole,situs,sirra,sibby,sigil,silyl,,,,
TRUE,heild,6,shiko,unity,briza,leigh,heidi,heild,,,,
TRUE,axers,6,senal,draba,atoms,aphis,avers,axers,,,,
TRUE,lesya,6,ifint,bajau,shoor,evese,leaky,lesya,,,,
TRUE,jerib,6,valyl,unwit,kreis,gobio,ferie,jerib,,,,
TRUE,corgi,6,utchy,jinni,beedi,capri,croci,corgi,,,,
TRUE,james,6,lucan,deers,waffs,basts,jakes,james,,,,
TRUE,gases,6,hiera,scowl,meany,paved,gazee,gases,,,,
TRUE,sheet,6,feest,alert,inept,exect,tweet,sheet,,,,
TRUE,talon,6,chalk,swift,petal,razor,taxon,talon,,,,
TRUE,inner,6,akpek,idler,icier,imber,inger,inner,,,,
TRUE,jules,6,sarin,yodel,teles,gules,pules,jules,,,,
TRUE,ramed,6,wanky,ratos,rammi,ramee,ramex,ramed,,,,
TRUE,scaup,6,bided,calla,okays,scart,scaff,scaup,,,,
TRUE,rhein,6,ketyl,awave,burgs,preen,odeon,rhein,,,,
TRUE,boden,6,issue,cowed,poret,boney,boxen,boden,,,,
TRUE,sermo,6,brood,pyran,cirri,sfree,sorts,sermo,,,,
TRUE,guide,6,hoard,bulls,queue,wudge,cutie,guide,,,,
TRUE,scoff,6,anted,piuri,clomb,shoos,scovy,scoff,,,,
TRUE,ascon,6,cocin,mecon,bacon,ancon,adcon,ascon,,,,
TRUE,coven,6,dizzy,capax,cello,crees,covet,coven,,,,
TRUE,casas,6,helot,murra,dingy,kvass,cabas,casas,,,,
TRUE,lerot,6,homos,jalor,kikoi,byron,duroc,lerot,,,,
TRUE,sphex,6,booze,annum,spelk,spivs,sprew,sphex,,,,
TRUE,jibby,6,fadme,orlon,byssi,ictic,gibby,jibby,,,,
TRUE,tipup,6,sawer,phony,blick,fugit,mixup,tipup,,,,
TRUE,lupid,6,byrri,jetes,audio,kufic,lupin,lupid,,,,
TRUE,laron,6,mphps,royet,aucan,dioon,gabon,laron,,,,
TRUE,cocco,6,dolts,booze,horah,comox,cocin,cocco,,,,
TRUE,ophic,6,tampa,espec,ugric,nonic,bilic,ophic,,,,
TRUE,ctene,6,ghoom,leaky,freet,spews,exede,ctene,,,,
TRUE,toshy,6,pinge,flask,mowth,yocco,sourd,toshy,,,,
TRUE,ushak,6,stoup,razee,audad,ungag,umiak,ushak,,,,
TRUE,varda,6,shaul,vened,vimpa,vajra,vacoa,varda,,,,
TRUE,femme,6,saxes,cuing,ketol,beery,vehme,femme,,,,
TRUE,relit,6,ascan,foggy,tekke,meiji,redux,relit,,,,
TRUE,resat,6,woken,belve,seats,deify,hecht,resat,,,,
TRUE,apres,6,fezes,lutes,arces,abyes,andes,apres,,,,
TRUE,hight,6,alada,untop,egret,twixt,immit,hight,,,,
TRUE,lutea,6,mossi,aluta,trypa,lenca,luffa,lutea,,,,
TRUE,chica,6,ponos,jamie,whaly,chufa,chita,chica,,,,
TRUE,cunit,6,lunes,punty,bunga,munch,tunic,cunit,,,,
TRUE,siree,6,shire,spane,smoke,sfree,scree,siree,,,,
TRUE,onkos,6,botch,dipsy,raffs,neons,mulls,onkos,,,,
TRUE,falls,6,bakra,dancy,tamus,waxes,salps,falls,,,,
TRUE,prese,6,gilds,unken,appay,shoot,femme,prese,,,,
TRUE,botan,6,aphis,jantu,relax,coman,bogan,botan,,,,
TRUE,vedet,6,cosec,tiler,bewet,genet,defet,vedet,,,,
TRUE,baham,6,ruses,nokta,pally,hadji,bamah,baham,,,,
TRUE,sharn,6,votes,kayan,curin,adawn,spann,sharn,,,,
TRUE,puton,6,judas,hurri,outby,gutte,cutup,puton,,,,
TRUE,relot,6,servo,telyn,belap,melic,eeler,relot,,,,
TRUE,saxon,6,lower,catch,japan,gabon,mason,saxon,,,,
TRUE,popsy,6,pixel,proto,puffy,pommy,possy,popsy,,,,
TRUE,carte,6,chaka,cloop,cassy,cadet,carne,carte,,,,
TRUE,unrig,6,zamia,greit,noric,burin,unrip,unrig,,,,
TRUE,zeins,6,glene,quina,poind,skins,twins,zeins,,,,
TRUE,chave,6,umiaq,cores,cleft,chank,chaya,chave,,,,
TRUE,tawny,6,wreck,babus,talli,tanto,tampa,tawny,,,,
TRUE,scone,6,japes,stent,sound,shine,slone,scone,,,,
TRUE,upfly,6,kazoo,bundu,whiss,creem,fluyt,upfly,,,,
TRUE,yezdi,6,holey,afara,kumni,bessi,petti,yezdi,,,,
TRUE,torts,6,dubhe,tisar,topsl,towns,torcs,torts,,,,
TRUE,auxin,6,avant,arnee,apish,affix,albin,auxin,,,,
TRUE,bouge,6,pecht,diego,smrgs,bange,bowge,bouge,,,,
TRUE,asgmt,6,cleve,motts,fusht,brant,agist,asgmt,,,,
TRUE,havel,6,pioxe,rekey,waled,lanes,cavel,havel,,,,
TRUE,segue,6,rumor,wanny,feest,seize,selle,segue,,,,
TRUE,darky,6,glink,cuvee,wafty,dassy,darby,darky,,,,
TRUE,burys,6,timed,jacky,loros,gurus,burns,burys,,,,
TRUE,acari,6,heben,cufic,alkyd,agsam,apart,acari,,,,
TRUE,morra,6,dries,halfa,pukka,corta,morga,morra,,,,
TRUE,techy,6,kosin,razee,upcut,yecch,decyl,techy,,,,
TRUE,amadi,6,galey,vinta,romps,chawk,imaum,amadi,,,,
TRUE,pleny,6,sparm,vicky,gulfy,nonny,pheny,pleny,,,,
TRUE,atelo,6,haded,sprig,eveck,bueno,aweto,atelo,,,,
TRUE,tutty,6,jowar,queme,nucin,lusus,guffy,tutty,,,,
TRUE,gnide,6,ruche,baske,didie,ixtle,opine,gnide,,,,
TRUE,amene,6,yarke,fodge,scuse,velte,inane,amene,,,,
TRUE,senso,6,cower,upbuy,slone,seams,sexto,senso,,,,
TRUE,zamia,6,samen,yampa,gamma,damia,lamia,zamia,,,,
TRUE,fryer,6,lepre,admit,eveck,unson,fhrer,fryer,,,,
TRUE,stack,6,spied,scray,sauna,stats,stalk,stack,,,,
TRUE,onset,6,alala,shift,evert,knout,oncet,onset,,,,
TRUE,cavie,6,peeve,toise,clyde,craze,civie,cavie,,,,
TRUE,kniaz,6,otomi,birch,neffy,susan,axial,kniaz,,,,
TRUE,restr,6,ferae,demob,newsy,secus,helix,restr,,,,
TRUE,shurf,6,lunas,dowdy,breck,tipup,shush,shurf,,,,
TRUE,bassi,6,tarin,balls,baiza,bahoe,bagdi,bassi,,,,
TRUE,manso,6,fumid,leste,carps,manny,manga,manso,,,,
TRUE,metho,6,leste,begum,tetch,retia,netop,metho,,,,
TRUE,nests,6,picus,oasts,hests,rests,vests,nests,,,,
TRUE,mauri,6,wiled,casts,yappy,mahri,maori,mauri,,,,
TRUE,dowdy,6,yfere,dupla,dojos,dotty,doddy,dowdy,,,,
TRUE,stunt,6,pipid,ferny,taunt,mount,blunt,stunt,,,,
TRUE,youve,6,squab,wrung,pluff,chute,veuve,youve,,,,
TRUE,kumni,6,squad,genom,bilin,thruv,yummy,kumni,,,,
TRUE,ctimo,6,shorn,aliya,guige,idiot,twick,ctimo,,,,
TRUE,stirp,6,gents,chaff,trust,worky,spill,stirp,,,,
TRUE,awald,6,stoic,wynne,glaux,drawk,abamp,awald,,,,
TRUE,width,6,taxes,wooly,wight,windz,witch,width,,,,
TRUE,rakis,6,detat,archy,spoon,jabul,maria,rakis,,,,
TRUE,monel,6,labra,duvet,hopes,women,coney,monel,,,,
TRUE,quack,6,wynne,shiko,ratal,abamp,quauk,quack,,,,
TRUE,fulah,6,riced,kakas,gloam,upbay,thuan,fulah,,,,
TRUE,thema,6,pupal,frden,aecia,kosha,tmema,thema,,,,
TRUE,listy,6,picky,gibby,filmy,sixty,disty,listy,,,,
TRUE,afifi,6,yojan,slask,gagee,artha,awiwi,afifi,,,,
TRUE,struv,6,heinz,tauts,mussy,vogul,upcut,struv,,,,
TRUE,mirky,6,drift,luaus,ngoko,jerky,birky,mirky,,,,
TRUE,texas,6,litch,roofy,zante,djuka,tepas,texas,,,,
TRUE,goths,6,lathy,metho,kiths,ruths,soths,goths,,,,
TRUE,jowly,6,zendo,vicar,oxbow,solum,loopy,jowly,,,,
TRUE,bezan,6,loasa,taked,amhar,picae,bugan,bezan,,,,
TRUE,hodad,6,janus,cloof,airth,kempy,gogga,hodad,,,,
TRUE,pinky,6,fusil,benty,kinky,zinky,dinky,pinky,,,,
TRUE,avert,6,larry,hoars,twirp,exurb,metra,avert,,,,
TRUE,sisal,6,gouda,hymns,epist,bajri,lilac,sisal,,,,
TRUE,aware,6,jambs,kileh,rugae,acone,arere,aware,,,,
TRUE,sirex,6,wizen,pipes,hired,vireo,siree,sirex,,,,
TRUE,porta,6,segos,ruach,pipal,porky,porto,porta,,,,
TRUE,roche,6,tuism,array,gweed,bench,hoove,roche,,,,
TRUE,sarod,6,ganja,wavey,maris,barbu,darst,sarod,,,,
TRUE,patas,6,vison,razes,caphs,latus,watts,patas,,,,
TRUE,dumba,6,stosh,uvala,crena,dwyka,dubba,dumba,,,,
TRUE,jenna,6,lithi,bruce,dawdy,poops,anama,jenna,,,,
TRUE,patty,6,pools,puppy,pirny,paddy,pawky,patty,,,,
TRUE,vexed,6,oxeye,cagui,tells,refed,vened,vexed,,,,
TRUE,puled,6,clary,mitts,bueno,kudzu,pulex,puled,,,,
TRUE,krina,6,oxbow,unred,gasps,tilak,charm,krina,,,,
TRUE,proud,6,stope,gooma,clour,drouk,vrouw,proud,,,,
TRUE,twink,6,pinus,hazer,imido,glint,twiny,twink,,,,
TRUE,leeks,6,ursal,immew,keefs,peens,heels,leeks,,,,
TRUE,meloe,6,graft,swims,uzbek,polje,chloe,meloe,,,,
TRUE,boars,6,jokes,moors,coirs,fours,dorrs,boars,,,,
TRUE,crock,6,shrag,levet,cymry,connu,crood,crock,,,,
TRUE,akebi,6,award,agues,acone,ately,akeki,akebi,,,,
TRUE,sprot,6,melee,warch,porry,furud,strip,sprot,,,,
TRUE,imago,6,accel,groow,jubas,hypho,nondo,imago,,,,
TRUE,upleg,6,kofta,pyxie,seems,dunch,uller,upleg,,,,
TRUE,kecks,6,miauw,order,tetch,kevyn,keeks,kecks,,,,
TRUE,glebe,6,topoi,cakes,nuque,feere,glede,glebe,,,,
TRUE,cosmo,6,gunky,ticca,merse,swoop,combs,cosmo,,,,
TRUE,savoy,6,dress,clint,hypha,soggy,savvy,savoy,,,,
TRUE,woold,6,anama,sieve,wodgy,wolof,world,woold,,,,
TRUE,yeggs,6,kiwai,coley,setup,needs,herms,yeggs,,,,
TRUE,ingle,6,ulvan,resid,whick,foxly,gibli,ingle,,,,
TRUE,rille,6,jells,hillo,filla,gilly,ville,rille,,,,
TRUE,melon,6,agave,spoky,couch,wield,relot,melon,,,,
TRUE,syren,6,gazer,oylet,bysen,hymen,eyren,syren,,,,
TRUE,fisty,6,apian,cisco,wised,lists,misty,fisty,,,,
TRUE,modge,6,fifty,blurb,masse,meece,momme,modge,,,,
TRUE,rojak,6,uzbak,chyak,troak,kaiak,oolak,rojak,,,,
TRUE,gilpy,6,gujar,gelid,golgi,gilts,gilly,gilpy,,,,
TRUE,detin,6,prela,edits,fuggy,nikon,deben,detin,,,,
TRUE,heezy,6,cozes,erwin,peaty,feely,heedy,heezy,,,,
TRUE,oculi,6,weigh,croci,sansi,filii,topoi,oculi,,,,
TRUE,torsk,6,tesla,tikur,tofts,toddy,toosh,torsk,,,,
TRUE,edict,6,gumbo,visne,alway,terek,ccitt,edict,,,,
TRUE,wants,6,gauds,rases,kamis,bahts,facts,wants,,,,
TRUE,spumy,6,kevan,crows,dishy,muzzy,upbuy,spumy,,,,
TRUE,ignaw,6,roguy,miasm,anile,tchwi,ganga,ignaw,,,,
TRUE,poohs,6,tommy,coble,rogan,kosos,foods,poohs,,,,
TRUE,akeki,6,manta,fours,ideal,keech,viewy,akeki,,,,
TRUE,yahoo,6,stewy,khaja,lipic,bungo,yazoo,yahoo,,,,
TRUE,ploce,6,sucre,jembe,twine,agape,poove,ploce,,,,
TRUE,moity,6,jubbe,waspy,coyly,goofy,toity,moity,,,,
TRUE,volow,6,fhrer,aboma,snits,lully,colog,volow,,,,
TRUE,arras,6,digor,sunna,helas,rajas,atmas,arras,,,,
TRUE,uvver,6,almug,foyer,ewder,inker,upper,uvver,,,,
TRUE,spath,6,erick,swoun,sayal,shama,stash,spath,,,,
TRUE,hecks,6,rumly,cafiz,stops,becks,decks,hecks,,,,
TRUE,cubed,6,hoyle,regna,iseum,uzbek,cubeb,cubed,,,,
TRUE,amsel,6,wisen,essex,jasey,coset,mused,amsel,,,,
TRUE,ibota,6,cunit,dooly,frosh,kiowa,aboma,ibota,,,,
TRUE,beigy,6,slype,wifed,unarm,cooth,xxiii,beigy,,,,
TRUE,moody,6,bawra,flipe,donsy,hoody,goody,moody,,,,
TRUE,endia,6,meats,wigan,habbe,duddy,ardea,endia,,,,
TRUE,angus,6,ayins,areas,alums,ankus,anous,angus,,,,
TRUE,whewl,6,bemat,surly,ginzo,flche,expel,whewl,,,,
TRUE,fecit,6,manba,still,tirer,cohog,fytte,fecit,,,,
TRUE,ketch,6,honan,germy,zeist,bedew,peuhl,ketch,,,,
TRUE,burez,6,ratha,dikes,guyer,culex,fuzee,burez,,,,
TRUE,knack,6,mouls,bejan,gardy,chint,kwapa,knack,,,,
TRUE,irous,6,ronde,wiyot,shama,flics,kurus,irous,,,,
TRUE,acrab,6,kissy,weeze,nardu,borgh,abram,acrab,,,,
TRUE,rammy,6,trams,chime,dogma,valmy,mammy,rammy,,,,
TRUE,sulla,6,choil,uzara,leuma,gutta,duppa,sulla,,,,
TRUE,ronni,6,kiter,humph,idola,yobbo,conic,ronni,,,,
TRUE,unpot,6,choak,simul,enter,undon,unbog,unpot,,,,
TRUE,ovism,6,fuggy,pivot,behew,radix,socko,ovism,,,,
TRUE,uckia,6,vidua,krosa,yampa,gutta,ennia,uckia,,,,
TRUE,gripy,6,blahs,pique,moron,crick,tript,gripy,,,,
TRUE,stipo,6,knout,decoy,oasis,smith,spiro,stipo,,,,
TRUE,windz,6,enema,tugui,hylic,dioon,birks,windz,,,,
TRUE,rural,6,abaff,pleon,sculk,hamal,rugal,rural,,,,
TRUE,ewhow,6,aveny,jemez,hurst,iodid,flowk,ewhow,,,,
TRUE,sodic,6,sitka,smich,slopy,susie,sonic,sodic,,,,
TRUE,poppa,6,leafs,jorum,hogan,tokyo,covid,poppa,,,,
TRUE,trams,6,filea,cobby,urutu,wraps,drams,trams,,,,
TRUE,stain,6,senci,sprag,solum,savin,sysin,stain,,,,
TRUE,miffs,6,lushy,katar,spics,downs,ziffs,miffs,,,,
TRUE,kelly,6,pings,flowe,rebut,hemad,yelek,kelly,,,,
TRUE,skyey,6,ziffs,colat,bussu,edder,hymen,skyey,,,,
TRUE,popie,6,pluma,piing,prows,peeoy,potto,popie,,,,
TRUE,poley,6,spurs,bamah,oldie,felon,polyp,poley,,,,
TRUE,abhor,6,mirid,wonts,freya,oulap,ghbor,abhor,,,,
TRUE,bajau,6,vinos,terek,lully,cabda,papaw,bajau,,,,
TRUE,alive,6,gyges,rethe,bowie,valve,knive,alive,,,,
TRUE,chard,6,ursus,copra,clart,chare,chary,chard,,,,
TRUE,sabia,6,facto,bagle,vanda,jarra,sauba,sabia,,,,
TRUE,seels,6,twite,possy,shams,scuds,serfs,seels,,,,
TRUE,obley,6,smift,agony,debby,cokey,purey,obley,,,,
TRUE,woden,6,abyes,pulex,diker,tozee,coden,woden,,,,
TRUE,noria,6,yobbo,sodas,joint,couve,morin,noria,,,,
TRUE,eyrer,6,pratt,norse,kerry,lurch,mirid,eyrer,,,,
TRUE,dorad,6,heads,aunty,cabob,pooli,mowra,dorad,,,,
TRUE,plote,6,hawky,poled,pests,plotx,plott,plote,,,,
TRUE,pepsi,6,dompt,rajah,weeks,vexil,sensu,pepsi,,,,
TRUE,oncer,6,frost,hying,vexed,unweb,onker,oncer,,,,
TRUE,drisk,6,afray,moise,thisn,pliss,brisk,drisk,,,,
TRUE,gruff,6,wenny,miaul,chook,trubu,drugs,gruff,,,,
TRUE,frags,6,papaw,undry,stite,arrha,frock,frags,,,,
TRUE,gravy,6,aiger,kuman,hotly,barry,grapy,gravy,,,,
TRUE,prepn,6,splad,bemix,quegh,eject,onery,prepn,,,,
TRUE,whist,6,plumy,rfree,absit,vingt,chiot,whist,,,,
TRUE,nexum,6,jalee,sussy,found,twirp,keech,nexum,,,,
TRUE,awash,6,styan,weeda,cuifs,aggro,abask,awash,,,,
TRUE,osset,6,tweel,gyred,mokes,habet,oncet,osset,,,,
TRUE,leche,6,dumba,volts,grief,chewy,lench,leche,,,,
TRUE,nehru,6,dream,piton,sulks,jerez,heygh,nehru,,,,
TRUE,swans,6,mussy,aholt,nanas,czars,spans,swans,,,,
TRUE,colat,6,pudge,bronk,mahwa,ollas,filao,colat,,,,
TRUE,gondi,6,based,rigor,intnl,chomp,noddi,gondi,,,,
TRUE,mince,6,herba,sluig,eveck,yince,wince,mince,,,,
TRUE,spaik,6,fodge,imams,scaul,swank,shark,spaik,,,,
TRUE,budge,6,fogas,cundy,queue,burke,butle,budge,,,,
TRUE,iglus,6,podia,cumly,skite,rings,illus,iglus,,,,
TRUE,sewer,6,gibli,tryma,skeps,sound,sereh,sewer,,,,
TRUE,mumps,6,rammi,lumps,tumps,pumps,dumps,mumps,,,,
TRUE,gleit,6,basis,dowie,genic,gitim,gleir,gleit,,,,
TRUE,flunk,6,kythe,grama,divus,junco,fluff,flunk,,,,
TRUE,knell,6,druse,phono,canel,vigil,xylyl,knell,,,,
TRUE,looky,6,freyr,hajji,pocus,bobby,zooty,looky,,,,
TRUE,abear,6,shapy,tabid,anorn,armer,abkar,abear,,,,
TRUE,ureic,6,imine,pavid,serio,kilij,urbic,ureic,,,,
TRUE,minks,6,nibby,virga,disme,kiwis,licks,minks,,,,
TRUE,mensk,6,watts,chirl,skyey,emove,pendn,mensk,,,,
TRUE,combe,6,reign,muled,pashm,joyce,bombe,combe,,,,
TRUE,wakif,6,avale,ounds,jazzy,hatti,kakar,wakif,,,,
TRUE,randn,6,flisk,catha,gauby,zazen,damon,randn,,,,
TRUE,cutes,6,downs,metis,patas,jutes,lutes,cutes,,,,
TRUE,thine,6,fubby,kokra,didst,lexic,etwee,thine,,,,
TRUE,tachs,6,dinah,humus,coles,typps,tahrs,tachs,,,,
TRUE,quoad,6,gaurs,cumbu,queet,quink,quaff,quoad,,,,
TRUE,eight,6,newts,choke,fremt,duvet,aillt,eight,,,,
TRUE,canny,6,laden,sagai,manoc,jantu,ranny,canny,,,,
TRUE,carpi,6,khond,weets,jumma,carry,carli,carpi,,,,
TRUE,meiji,6,stalk,hoove,bundu,gerip,fezzy,meiji,,,,
TRUE,cored,6,marci,duret,forex,coree,corey,cored,,,,
TRUE,thrax,6,speck,anniv,mooth,burga,warly,thrax,,,,
TRUE,pians,6,axile,butyn,pasha,pomak,prand,pians,,,,
TRUE,ovant,6,cider,zakah,jugum,wooly,opata,ovant,,,,
TRUE,nauch,6,ruely,stunk,izumi,chubb,wauch,nauch,,,,
TRUE,areek,6,waird,recks,toper,ankee,allez,areek,,,,
TRUE,mimir,6,spina,freed,horim,vizir,mikir,mimir,,,,
TRUE,mocks,6,sippy,owser,hucks,facks,cocks,mocks,,,,
TRUE,ricey,6,onion,regle,rasty,rubby,ricky,ricey,,,,
TRUE,doled,6,maqui,troch,kosos,wodgy,boned,doled,,,,
TRUE,schmo,6,teiid,wuzzy,oskar,mogos,cholo,schmo,,,,
TRUE,cheep,6,needy,crewe,coeff,cheki,cheet,cheep,,,,
TRUE,fondu,6,perse,datto,jolly,moong,cocin,fondu,,,,
TRUE,sneck,6,doggy,vates,klick,chuck,speck,sneck,,,,
TRUE,typps,6,dally,crust,bisti,phene,stomp,typps,,,,
TRUE,rafts,6,farci,tanya,habbe,mauts,oasts,rafts,,,,
TRUE,sayid,6,kutta,damar,wasel,sabby,sagos,sayid,,,,
TRUE,tekke,6,teaey,terns,tellt,teuch,tempe,tekke,,,,
TRUE,spice,6,skiey,slide,suine,stime,shice,spice,,,,
TRUE,msink,6,maneh,molto,mysid,mirks,mnium,msink,,,,
TRUE,cycle,6,boyar,puffy,nevel,zills,ettle,cycle,,,,
TRUE,mosks,6,lytta,force,bongo,iodid,soups,mosks,,,,
TRUE,hypos,6,cycad,tyees,mysis,byous,gyros,hypos,,,,
TRUE,bacin,6,unray,beths,bilic,bania,bavin,bacin,,,,
TRUE,panse,6,mauls,safer,passo,patsy,paisa,panse,,,,
TRUE,sebum,6,puggi,boryl,cebus,zebub,debut,sebum,,,,
TRUE,whort,6,bunga,sippy,emeer,lotto,croft,whort,,,,
TRUE,callo,6,veers,yummy,chian,cabda,capot,callo,,,,
TRUE,exite,6,ghoul,icica,skins,edify,evite,exite,,,,
TRUE,bebop,6,ruach,stime,kneed,pobby,bebog,bebop,,,,
TRUE,bulby,6,blake,butts,budgy,buzzy,bubby,bulby,,,,
TRUE,narra,6,bally,paren,sargo,tarmi,nardu,narra,,,,
TRUE,wrick,6,unsex,malam,obiit,chizz,prick,wrick,,,,
TRUE,grype,6,glows,gurge,grete,grame,gryde,grype,,,,
TRUE,pacos,6,hiren,sagas,bauds,malms,tacks,pacos,,,,
TRUE,pinic,6,other,skids,bialy,jinni,minim,pinic,,,,
TRUE,rebed,6,tenno,kebab,lebes,weber,rebeg,rebed,,,,
TRUE,zoner,6,dayak,beset,viler,gofer,moner,zoner,,,,
TRUE,carry,6,halfy,gauby,carty,carny,carvy,carry,,,,
TRUE,scoot,6,allyl,feeds,gombo,quink,swoop,scoot,,,,
TRUE,formy,6,bines,calor,moody,rouky,forty,formy,,,,
TRUE,rerub,6,armit,coned,slush,furzy,verve,rerub,,,,
TRUE,druid,6,leady,thorp,kings,frizz,brubu,druid,,,,
TRUE,filii,6,bouto,scaff,kefir,pipid,filix,filii,,,,
TRUE,colon,6,breck,namda,tonto,coils,cogon,colon,,,,
TRUE,azans,6,romeo,unlid,basan,khaya,swaps,azans,,,,
TRUE,brank,6,lappa,micks,jorge,ayuyu,whank,brank,,,,
TRUE,bearm,6,seige,jenny,perca,dealt,rearm,bearm,,,,
TRUE,roods,6,oxter,cnida,howdy,poods,goods,roods,,,,
TRUE,dogal,6,kylie,ganga,accur,blahs,dotal,dogal,,,,
TRUE,spaid,6,reask,hoagy,bwana,scalp,staid,spaid,,,,
TRUE,olden,6,coved,sweep,janet,muley,drier,olden,,,,
TRUE,radix,6,imbed,hatti,caupo,nakir,varix,radix,,,,
TRUE,snapy,6,sence,slask,shang,smart,snaff,snapy,,,,
TRUE,pitch,6,mikie,situs,witan,jitro,ditch,pitch,,,,
TRUE,boget,6,links,redue,aweto,typey,bobet,boget,,,,
TRUE,wanze,6,smews,piked,bahur,cagot,layne,wanze,,,,
TRUE,korec,6,girds,marah,corke,porty,boron,korec,,,,
TRUE,gilim,6,jakob,frere,suddy,villi,tilth,gilim,,,,
TRUE,ginzo,6,murra,shelf,bynin,jingo,kinoo,ginzo,,,,
TRUE,domic,6,cower,soulx,tophi,mobby,doggo,domic,,,,
TRUE,shews,6,deans,orles,piths,cuffs,whews,shews,,,,
TRUE,lunes,6,volet,green,baked,puces,fuzes,lunes,,,,
TRUE,feods,6,escar,twits,lulls,obeys,pends,feods,,,,
TRUE,jehup,6,farse,cleek,vomit,genny,bedub,jehup,,,,
TRUE,schul,6,ogees,sunny,shraf,sluit,schuh,schul,,,,
TRUE,hooka,6,sorex,conny,boult,hopak,howff,hooka,,,,
TRUE,melos,6,kagus,wipes,rends,hells,melts,melos,,,,
TRUE,whiny,6,peppy,scaly,fudgy,zooty,ribby,whiny,,,,
TRUE,uinal,6,deota,spary,alvan,unlax,umiac,uinal,,,,
TRUE,tiang,6,prude,skill,chait,jnana,omani,tiang,,,,
TRUE,insue,6,makar,coxes,hippi,gutsy,edile,insue,,,,
TRUE,bushi,6,glair,smoke,chubs,tipup,bushy,bushi,,,,
TRUE,berat,6,quods,maneh,aeric,verge,beryx,berat,,,,
TRUE,tasks,6,tayer,taipi,tanka,talks,tacks,tasks,,,,
TRUE,tythe,6,genus,ecize,prote,atake,thyme,tythe,,,,
TRUE,desyl,6,logia,ytter,feuds,kench,weeze,desyl,,,,
TRUE,monie,6,burps,hinch,kenaf,gonzo,monty,monie,,,,
TRUE,adure,6,husht,boong,aquae,amuze,aruke,adure,,,,
TRUE,buchu,6,sirki,abaca,venue,pooty,cluff,buchu,,,,
TRUE,clasp,6,chama,clapt,clack,clair,class,clasp,,,,
TRUE,leany,6,gleys,china,dawny,emony,bunny,leany,,,,
TRUE,deddy,6,theor,dubby,dewey,deify,delay,deddy,,,,
TRUE,saids,6,gease,sclim,softa,skiwy,saiph,saids,,,,
TRUE,tweel,6,bugre,tanha,tempi,totty,tsked,tweel,,,,
TRUE,manet,6,priam,layed,hazes,ganev,janet,manet,,,,
TRUE,tacan,6,quoth,facia,macaw,yacal,cacas,tacan,,,,
TRUE,repen,6,arace,bombo,getfd,renew,repel,repen,,,,
TRUE,voile,6,winer,lobus,dolia,cocco,fogle,voile,,,,
TRUE,milia,6,adusk,tanto,zebec,grama,villa,milia,,,,
TRUE,ruana,6,meril,stacc,drank,xoana,guana,ruana,,,,
TRUE,adopt,6,moyle,dicks,taxor,putto,gnawn,adopt,,,,
TRUE,spode,6,habit,cures,devon,fleme,spoke,spode,,,,
TRUE,tabla,6,helas,lucky,amiga,paola,nabla,tabla,,,,
TRUE,avick,6,elong,bumfs,whipt,xxiii,kaiak,avick,,,,
TRUE,milpa,6,pleon,vakia,luffa,higra,sicca,milpa,,,,
TRUE,albus,6,solus,annus,accus,arius,aldus,albus,,,,
TRUE,peaty,6,toros,wecht,lendu,ketty,meaty,peaty,,,,
TRUE,rusot,6,loric,deynt,whart,skout,gruft,rusot,,,,
TRUE,pical,6,harns,metif,guaba,cocao,xicak,pical,,,,
TRUE,isort,6,dovey,quira,knorr,sport,whort,isort,,,,
TRUE,reink,6,india,loser,brizz,juice,keith,reink,,,,
TRUE,soppy,6,shoon,soddy,sorty,souly,soaky,soppy,,,,
TRUE,deave,6,panna,oddly,turki,meach,deads,deave,,,,
TRUE,tarre,6,doges,ferri,purre,harre,barre,tarre,,,,
TRUE,agene,6,kilah,cueca,doest,areng,amene,agene,,,,
TRUE,heygh,6,tarai,cogon,pudge,elegy,hewgh,heygh,,,,
TRUE,brach,6,melon,babka,biffy,bught,brass,brach,,,,
TRUE,isnad,6,wyled,unadd,aphid,fiord,batad,isnad,,,,
TRUE,garon,6,fille,japyx,harka,marcs,garbo,garon,,,,
TRUE,orkey,6,honda,tewel,yquem,giber,pyrex,orkey,,,,
TRUE,offal,6,mools,pinup,areek,datto,flyby,offal,,,,
TRUE,caffa,6,wharf,pical,gasts,fadme,kafka,caffa,,,,
TRUE,nyala,6,raias,lotta,umaua,anana,phaca,nyala,,,,
TRUE,fours,6,smuts,daubs,chugs,eques,nouns,fours,,,,
TRUE,abilo,6,cuifs,drier,kling,moity,apili,abilo,,,,
TRUE,erava,6,rhyme,atwin,speos,cared,qubba,erava,,,,
TRUE,taula,6,findy,lorel,balak,wauls,haulm,taula,,,,
TRUE,betsy,6,clomb,stiff,pense,geast,bessy,betsy,,,,
TRUE,tracy,6,chron,basts,aiver,upaya,drawk,tracy,,,,
TRUE,india,6,ulvan,bidry,modoc,faded,andia,india,,,,
TRUE,edict,6,wemmy,touse,lithi,indan,brief,edict,,,,
TRUE,shood,6,geisa,trudy,monos,kloof,whoop,shood,,,,
TRUE,recap,6,stivy,phoca,urban,reaal,remap,recap,,,,
TRUE,exxon,6,perun,alvan,osmin,doyen,thegn,exxon,,,,
TRUE,quirt,6,munga,burse,outdo,culti,fuffy,quirt,,,,
TRUE,booze,6,mudra,chivw,stoon,gooey,loope,booze,,,,
TRUE,furor,6,boney,ursal,tugui,humph,juror,furor,,,,
TRUE,recto,6,weeze,herba,ketol,tennu,cesti,recto,,,,
TRUE,clour,6,agron,voids,yeuky,propr,flour,clour,,,,
TRUE,sways,6,depel,cavum,wrang,stabs,shaws,sways,,,,
TRUE,indow,6,ovule,ghbor,ninon,skoot,capoc,indow,,,,
TRUE,eoith,6,tynes,mowie,forgo,cotta,volti,eoith,,,,
TRUE,cebil,6,celli,ceder,cecum,cento,ceiba,cebil,,,,
TRUE,clung,6,gurly,vista,whoof,pneum,kluck,clung,,,,
TRUE,oared,6,ankee,braes,hooey,cadew,farer,oared,,,,
TRUE,ghoom,6,dorrs,aceta,punky,bhili,whoof,ghoom,,,,
TRUE,cacan,6,volow,inert,munga,babby,hacks,cacan,,,,
TRUE,shood,6,darin,youth,plops,geode,choko,shood,,,,
TRUE,unhid,6,ghent,nabak,immun,foppy,dilis,unhid,,,,
TRUE,retro,6,kooks,bahut,gripe,melon,decry,retro,,,,
TRUE,fawny,6,thyms,dalai,ganev,narky,pappy,fawny,,,,
TRUE,train,6,cunei,basta,idiom,wharf,trapt,train,,,,
TRUE,shlep,6,moses,duvet,slyer,sazen,silex,shlep,,,,
TRUE,indue,6,foins,milpa,nudge,endue,undue,indue,,,,
TRUE,oghuz,6,trink,hollo,peage,cuffs,zmudz,oghuz,,,,
TRUE,gimps,6,togue,skags,byrls,winds,pimps,gimps,,,,
TRUE,caleb,6,refed,vales,balei,galea,jalet,caleb,,,,
TRUE,lepra,6,oncia,thuja,plaga,sella,vedda,lepra,,,,
TRUE,ricey,6,resty,roily,rammy,rugby,rindy,ricey,,,,
TRUE,medle,6,lukas,debel,merit,menow,meece,medle,,,,
TRUE,heved,6,coses,pured,dewed,vexed,bebed,heved,,,,
TRUE,heils,6,chili,gaily,built,ovile,deils,heils,,,,
TRUE,tacet,6,aclys,bedin,capot,gazet,ramet,tacet,,,,
TRUE,louis,6,abkar,pilei,lossy,loxic,logis,louis,,,,
TRUE,gismo,6,pulka,brent,widow,zimmy,sixmo,gismo,,,,
TRUE,offal,6,their,scawd,napal,jugal,molal,offal,,,,
TRUE,croat,6,scrae,pacay,oolak,triad,groan,croat,,,,
TRUE,assis,6,recta,pumas,finis,dalis,vobis,assis,,,,
TRUE,agnel,6,grins,lampf,ayllu,antal,accel,agnel,,,,
TRUE,retch,6,ectal,opted,titus,rethe,retry,retch,,,,
TRUE,fgrid,6,scoad,inned,lipid,tumid,xyrid,fgrid,,,,
TRUE,mined,6,mbori,mucid,mixed,miked,mimed,mined,,,,
TRUE,essie,6,allay,binit,uprip,dowie,effie,essie,,,,
TRUE,feoff,6,cutup,bovid,wakan,egers,fezzy,feoff,,,,
TRUE,rumen,6,emeus,grimm,latax,jumbo,numen,rumen,,,,
TRUE,lance,6,cleck,merci,nance,hance,dance,lance,,,,
TRUE,lours,6,legal,lordy,loots,loups,louis,lours,,,,
TRUE,jaman,6,fotch,buddy,ingan,pasan,raman,jaman,,,,
TRUE,othin,6,goles,quott,yamph,crick,divid,othin,,,,
TRUE,gists,6,kaput,decor,tints,wists,fists,gists,,,,
TRUE,gorra,6,ryked,chapt,laius,zoona,momma,gorra,,,,
TRUE,heild,6,cruth,flipe,amiga,joins,heily,heild,,,,
TRUE,murry,6,tovah,dimer,lurks,furzy,gurry,murry,,,,
TRUE,babus,6,romeo,pudda,thick,glaux,unsun,babus,,,,
TRUE,agast,6,arnut,appmt,ashot,aliet,avast,agast,,,,
TRUE,ditty,6,sloan,pedee,tubig,vichy,witty,ditty,,,,
TRUE,chink,6,likin,hankt,rehoe,whiff,shivy,chink,,,,
TRUE,bruta,6,cuber,sylva,pinna,adoxa,bruja,bruta,,,,
TRUE,totty,6,jewis,monal,boodh,court,toffy,totty,,,,
TRUE,lurry,6,pured,curfs,hurry,murry,nurry,lurry,,,,
TRUE,sipid,6,kanas,bebog,clipt,firry,siusi,sipid,,,,
TRUE,shiko,6,lints,essee,augur,bocci,whisp,shiko,,,,
TRUE,arupa,6,uskok,pareu,givin,brahm,drupa,arupa,,,,
TRUE,timor,6,gnars,rutty,dixie,licht,tikor,timor,,,,
TRUE,nammo,6,forgo,uvito,cameo,mambo,kamao,nammo,,,,
TRUE,byway,6,gussy,moldy,ikary,patty,bevvy,byway,,,,
TRUE,filch,6,teals,punny,blizz,rigor,kilim,filch,,,,
TRUE,cames,6,bepaw,glaum,dormy,knezi,tachs,cames,,,,
TRUE,umbre,6,ainee,purge,kythe,drome,usque,umbre,,,,
TRUE,these,6,jarvy,stied,foute,peeke,chese,these,,,,
TRUE,tweak,6,absee,flamy,tiraz,thuan,tweag,tweak,,,,
TRUE,cavin,6,banty,hawer,zaman,lapin,sasin,cavin,,,,
TRUE,motte,6,visie,lache,temne,forte,botte,motte,,,,
TRUE,whing,6,sutra,dooli,benim,picky,izing,whing,,,,
TRUE,weest,6,firca,gunky,sheld,teest,beest,weest,,,,
TRUE,chaps,6,nerve,flags,thaws,dhaks,shams,chaps,,,,
TRUE,ledgy,6,stabs,wryly,peepy,henny,deify,ledgy,,,,
TRUE,hovel,6,bauld,repel,nigel,sowel,motel,hovel,,,,
TRUE,koine,6,pooka,roshi,boult,dozed,foggy,koine,,,,
TRUE,tikor,6,claro,sprug,freer,vizir,timor,tikor,,,,
TRUE,sures,6,takyr,lived,crees,jones,supes,sures,,,,
TRUE,corky,6,bakal,pixes,count,coomy,coddy,corky,,,,
TRUE,nipas,6,facks,demes,blobs,suras,gigas,nipas,,,,
TRUE,ceint,6,nonya,gecks,peril,metze,feint,ceint,,,,
TRUE,letty,6,blabs,peggy,hetty,netty,ketty,letty,,,,
TRUE,flubs,6,adapt,links,buses,chugs,jours,flubs,,,,
TRUE,pavia,6,hurri,bents,kaama,walla,facia,pavia,,,,
TRUE,exalt,6,draco,snaps,ataxy,quave,biali,exalt,,,,
TRUE,shows,6,named,cists,pulps,hooks,shogs,shows,,,,
TRUE,edith,6,shiah,clich,weigh,frith,eoith,edith,,,,
TRUE,nomoi,6,basto,ounce,fiord,hoggy,molvi,nomoi,,,,
TRUE,caids,6,kusti,diego,snaps,bails,qaids,caids,,,,
TRUE,sheen,6,ungot,wryly,hemad,phebe,check,sheen,,,,
TRUE,bisme,6,ramal,busky,bosch,bests,bisie,bisme,,,,
TRUE,perau,6,ailed,carap,herat,beray,serau,perau,,,,
TRUE,jufti,6,bedip,mahal,stivy,tronc,gutti,jufti,,,,
TRUE,cains,6,blore,visas,ankus,waifs,caids,cains,,,,
TRUE,pupae,6,tutti,cunea,quads,furze,bulge,pupae,,,,
TRUE,boist,6,whens,curio,dooly,gopak,joist,boist,,,,
TRUE,umest,6,polyp,deben,gamic,frett,whewt,umest,,,,
TRUE,cymas,6,waasi,evoke,butat,gyral,cycad,cymas,,,,
TRUE,alkes,6,reice,boden,lyses,tales,jukes,alkes,,,,
TRUE,colob,6,dirks,getup,chawl,cobby,concn,colob,,,,
TRUE,creat,6,tandy,copse,creel,creak,cream,creat,,,,
TRUE,oblat,6,frown,cleam,kotal,atlas,lulab,oblat,,,,
TRUE,elbow,6,barbs,pokom,union,devot,ewhow,elbow,,,,
TRUE,pitas,6,chris,gasps,fleys,woods,mumms,pitas,,,,
TRUE,bedye,6,whack,pumps,genny,veldt,reded,bedye,,,,
TRUE,raghu,6,pucka,tored,malay,rajiv,raffs,raghu,,,,
TRUE,fiber,6,tibbu,gibed,ribes,libel,kibei,fiber,,,,
TRUE,reeve,6,dvigu,mosts,areek,weeze,peeve,reeve,,,,
TRUE,zeins,6,lowly,getae,kerns,peins,veins,zeins,,,,
TRUE,bobol,6,argle,chowk,noint,poppy,dobos,bobol,,,,
TRUE,spink,6,umiac,brink,twink,slink,skink,spink,,,,
TRUE,matzo,6,dumka,aloes,bitty,rotan,watch,matzo,,,,
TRUE,quads,6,grand,opata,shays,flaws,duads,quads,,,,
TRUE,adzes,6,hable,kyats,icons,jumps,asses,adzes,,,,
TRUE,eleut,6,purse,cozen,dauby,filix,whewt,eleut,,,,
TRUE,jagla,6,gonad,balti,sakel,cappy,jagra,jagla,,,,
TRUE,hello,6,samba,knive,wooly,quell,tellt,hello,,,,
TRUE,shawy,6,topis,wanze,shyam,shaku,shawl,shawy,,,,
TRUE,bluff,6,pippy,ahunt,ejusd,fourb,kluck,bluff,,,,
TRUE,mound,6,bindi,gusle,drown,pathy,mokum,mound,,,,
TRUE,puffy,6,medoc,swabs,flunk,hippy,purry,puffy,,,,
TRUE,risqu,6,iloko,cigua,bisti,missy,pishu,risqu,,,,
TRUE,dints,6,torve,batad,gulpy,sinic,hints,dints,,,,
TRUE,knoit,6,godet,quant,chott,smoot,floit,knoit,,,,
TRUE,emeus,6,sulfo,banya,irpex,geeks,thews,emeus,,,,
TRUE,moted,6,ruers,whomp,canny,miked,moved,moted,,,,
TRUE,snibs,6,hapax,tenso,muffs,sicks,swigs,snibs,,,,
TRUE,woden,6,gibed,aylet,jerez,kohen,woven,woden,,,,
TRUE,armer,6,woody,scelp,atame,anniv,arber,armer,,,,
TRUE,gilim,6,creda,pluff,tinsy,hillo,kilij,gilim,,,,
TRUE,foxer,6,acyls,erugo,bedip,theow,vomer,foxer,,,,
TRUE,limey,6,prows,anile,chuff,zimmi,limed,limey,,,,
TRUE,bhuts,6,refix,zoona,dumby,chuck,shuls,bhuts,,,,
TRUE,kanga,6,tiles,aboon,nahum,raggy,panga,kanga,,,,
TRUE,ghain,6,benda,clock,thyms,uhuru,whiff,ghain,,,,
TRUE,pouff,6,lapsi,tonto,boxer,vodum,hough,pouff,,,,
TRUE,dachs,6,mitis,grees,ulvas,doffs,dyads,dachs,,,,
TRUE,yirds,6,teaks,birrs,wiros,circs,siris,yirds,,,,
TRUE,tolls,6,ruffe,stilt,polls,dolls,molls,tolls,,,,
TRUE,pacas,6,biose,vacua,nacry,sacks,tachs,pacas,,,,
TRUE,moton,6,chego,addis,lorry,kombu,toxon,moton,,,,
TRUE,girny,6,viral,mirth,sired,birri,pirog,girny,,,,
TRUE,flavo,6,pilaw,tutly,cobra,emove,slavs,flavo,,,,
TRUE,slurb,6,tiffy,shawl,smoke,spuds,slung,slurb,,,,
TRUE,tempt,6,cones,alive,kerry,meeth,debug,tempt,,,,
TRUE,tunal,6,tempo,tacca,thuan,titar,tubas,tunal,,,,
TRUE,thugs,6,cafiz,preve,montu,bulky,shush,thugs,,,,
TRUE,farsi,6,hooks,saucy,jalap,faire,fanit,farsi,,,,
TRUE,harms,6,teems,arums,slams,norms,barms,harms,,,,
TRUE,harre,6,poled,feest,ajiva,mucky,barge,harre,,,,
TRUE,galax,6,flang,marys,taupe,labba,gadid,galax,,,,
TRUE,wyled,6,tunis,epoxy,decal,gyved,ryked,wyled,,,,
TRUE,urnae,6,brack,proal,argan,ureas,uriah,urnae,,,,
TRUE,tiang,6,punic,brank,liane,hiant,viand,tiang,,,,
TRUE,beget,6,thews,blade,beigy,bebop,begut,beget,,,,
TRUE,unken,6,celts,guaza,enjoy,undid,unnew,unken,,,,
TRUE,akron,6,greit,hybla,spark,caxon,moron,akron,,,,
TRUE,fosse,6,ajiva,usurp,holms,boone,wodge,fosse,,,,
TRUE,wiyot,6,tungs,delit,chirt,imbat,pivot,wiyot,,,,
TRUE,cocky,6,helot,rosin,foamy,boozy,pocky,cocky,,,,
TRUE,chirr,6,tarin,fucks,bipod,creme,chirl,chirr,,,,
TRUE,shoor,6,nival,mowth,dreed,pyrus,choco,shoor,,,,
TRUE,twerp,6,gorer,hanks,lepry,mitre,evert,twerp,,,,
TRUE,arach,6,stive,auryl,adapa,abaff,anack,arach,,,,
TRUE,wanes,6,ensky,baret,dazed,waxen,wamel,wanes,,,,
TRUE,jolty,6,rands,chiel,gulpy,folky,bolty,jolty,,,,
TRUE,spurt,6,tydie,laugh,prunt,joust,sturt,spurt,,,,
TRUE,indow,6,homme,adlai,divvy,usnin,proof,indow,,,,
TRUE,mites,6,fardh,eloin,tempt,gussy,mikes,mites,,,,
TRUE,favus,6,umpty,chico,arend,jubus,falus,favus,,,,
TRUE,atoll,6,marts,cooee,flout,adown,aboil,atoll,,,,
TRUE,twirp,6,wacks,bught,lovee,minim,trixy,twirp,,,,
TRUE,hilsa,6,tatou,diver,silly,kilan,pilis,hilsa,,,,
TRUE,krina,6,aguey,ramal,spivs,chiba,doina,krina,,,,
TRUE,thurt,6,vowel,babus,rimpi,druxy,chung,thurt,,,,
TRUE,terai,6,enlay,douar,aghas,kerat,perai,terai,,,,
TRUE,urari,6,cresc,graft,brawn,prado,araru,urari,,,,
TRUE,warua,6,turns,dormy,birch,rfree,garua,warua,,,,
TRUE,keeve,6,binna,poulp,theyd,smeek,reeve,keeve,,,,
TRUE,napoo,6,pawer,kamas,tangi,jacob,yazoo,napoo,,,,
TRUE,bower,6,palus,freet,bided,boney,boxer,bower,,,,
TRUE,nerts,6,vasal,timon,squet,grege,nerds,nerts,,,,
TRUE,adead,6,clung,merks,boxty,dhava,pawed,adead,,,,
TRUE,faffy,6,sails,wanty,hayey,baffy,daffy,faffy,,,,
TRUE,elbow,6,renet,juice,abody,swelp,bombo,elbow,,,,
TRUE,ponca,6,draco,click,wench,banca,yunca,ponca,,,,
TRUE,mutts,6,drusy,potoo,untax,kutch,mutes,mutts,,,,
TRUE,shoya,6,tayer,fichu,sodom,shaka,shola,shoya,,,,
TRUE,codon,6,buchu,snare,twill,gonof,comox,codon,,,,
TRUE,iberi,6,rumly,cakra,fjord,where,stern,iberi,,,,
TRUE,guars,6,staia,claye,juang,quags,duads,guars,,,,
TRUE,fator,6,excud,langi,farmy,fatso,fatwa,fator,,,,
TRUE,baham,6,topia,gwely,ruman,assam,hakam,baham,,,,
TRUE,colen,6,quasi,vomer,loden,boxen,woken,colen,,,,
TRUE,fadge,6,koyan,faced,fauve,faade,farse,fadge,,,,
TRUE,pluma,6,hussy,fiant,dargo,bemba,alula,pluma,,,,
TRUE,urban,6,perry,lunch,kofta,brain,arzun,urban,,,,
TRUE,annas,6,coins,blams,fezes,gurus,javas,annas,,,,
TRUE,nache,6,grump,oasal,dance,bawke,tache,nache,,,,
TRUE,vicia,6,goldi,vizir,visit,vibix,vinic,vicia,,,,
TRUE,hurts,6,chlor,akkad,gushy,tuffs,hunts,hurts,,,,
TRUE,gazel,6,kivas,cutup,anglo,yawed,hazer,gazel,,,,
TRUE,unona,6,duces,about,kioko,flown,prong,unona,,,,
TRUE,stawn,6,iseum,halts,jowar,avant,spawn,stawn,,,,
TRUE,aliet,6,poilu,trixy,chits,abide,alien,aliet,,,,
TRUE,tanak,6,pliny,esere,fagot,hazan,nabak,tanak,,,,
TRUE,loafs,6,franc,ogams,seats,adays,quais,loafs,,,,
TRUE,grunt,6,hocky,blens,ating,drunt,prunt,grunt,,,,
TRUE,whets,6,closh,suite,benty,vasts,frets,whets,,,,
TRUE,faddy,6,momma,trill,wadge,baddy,daddy,faddy,,,,
TRUE,abura,6,weeda,incra,surra,agora,ahura,abura,,,,
TRUE,pupil,6,cosie,divia,bruin,pulik,pugil,pupil,,,,
TRUE,idism,6,demos,maggy,jutic,shilh,brisk,idism,,,,
TRUE,toher,6,agaty,tuner,tiber,tozer,toper,toher,,,,
TRUE,fumet,6,diner,moues,tweet,alfet,upjet,fumet,,,,
TRUE,capsa,6,enweb,trouv,skiff,pygmy,clash,capsa,,,,
TRUE,ayuyu,6,olona,aurir,ameed,actus,abwab,ayuyu,,,,
TRUE,scurf,6,endue,ramps,colog,truff,shurf,scurf,,,,
TRUE,hemal,6,roshi,dhyal,appal,venal,fetal,hemal,,,,
TRUE,shilf,6,gauls,smily,stilt,spill,shilh,shilf,,,,
TRUE,pewit,6,lours,amene,bedew,ketty,weigh,pewit,,,,
TRUE,scouk,6,ifrit,badon,smoky,shole,spock,scouk,,,,
TRUE,sleys,6,posts,gucks,fends,whiss,marys,sleys,,,,
TRUE,fraik,6,della,offic,wazir,upsit,brain,fraik,,,,
TRUE,carpi,6,dhoti,ennui,kaiwi,farsi,carli,carpi,,,,
TRUE,binit,6,femic,strig,david,unhit,oobit,binit,,,,
TRUE,depas,6,hocks,rules,tamas,ideas,devas,depas,,,,
TRUE,twixt,6,unown,pepla,drisk,whiff,xxiii,twixt,,,,
TRUE,creen,6,skyte,limen,arpen,green,freen,creen,,,,
TRUE,nakir,6,nixed,nanny,nails,narra,nagor,nakir,,,,
TRUE,plumb,6,huffs,nappa,lored,bibby,pluck,plumb,,,,
TRUE,oaken,6,tharf,medic,oulap,ozone,obeys,oaken,,,,
TRUE,geist,6,coves,belay,rehid,segue,penni,geist,,,,
TRUE,bahut,6,dolts,bizen,baffy,baham,bahur,bahut,,,,
TRUE,vizzy,6,drail,bonos,wevet,chimp,jiffy,vizzy,,,,
TRUE,rebbe,6,segou,hexad,kevyn,merle,tepee,rebbe,,,,
TRUE,tuber,6,deair,flurr,umber,cyber,sober,tuber,,,,
TRUE,venom,6,tripy,blocs,zhmud,wonna,genom,venom,,,,
TRUE,wauve,6,verbs,tiwaz,lymph,cajun,wadge,wauve,,,,
TRUE,cubes,6,lodur,khaja,gifts,scups,bunns,cubes,,,,
TRUE,shaly,6,verey,banky,colly,muhly,aptly,shaly,,,,
TRUE,moong,6,gwine,brans,dunno,phony,flong,moong,,,,
TRUE,haire,6,ogres,krivu,tairn,fairm,zaire,haire,,,,
TRUE,treed,6,lards,gipon,tekke,therm,tweet,treed,,,,
TRUE,label,6,dovey,fifer,cubes,heben,babel,label,,,,
TRUE,ulmus,6,chasm,roleo,wisps,junks,gluts,ulmus,,,,
TRUE,timbe,6,grids,cunny,khoka,immix,tempe,timbe,,,,
TRUE,mazic,6,fards,papio,bakie,mania,magic,mazic,,,,
TRUE,booed,6,ramta,celli,goody,hoofs,boone,booed,,,,
TRUE,thatd,6,doper,gluma,astay,zabti,whatd,thatd,,,,
TRUE,hongs,6,scudi,hermo,hazan,hotly,honks,hongs,,,,
TRUE,yerth,6,halve,prier,shoos,turfy,kerch,yerth,,,,
TRUE,konak,6,alloo,oobit,norna,honed,songy,konak,,,,
TRUE,juang,6,juice,jumby,justs,jupon,judah,juang,,,,
TRUE,seary,6,wifed,arank,shalt,seave,seamy,seary,,,,
TRUE,rapid,6,feods,knyaz,accum,palta,radix,rapid,,,,
TRUE,dacha,6,abide,strow,pflag,jakun,mamma,dacha,,,,
TRUE,neigh,6,yarak,leung,bebop,cetes,mendi,neigh,,,,
TRUE,diazo,6,dairy,dingo,dipso,dildo,ditto,diazo,,,,
TRUE,eyght,6,tiwaz,nuder,estoc,ethyl,empty,eyght,,,,
TRUE,adrop,6,urari,nonya,sated,block,admov,adrop,,,,
TRUE,sluig,6,vardy,tikes,phono,bussu,cliff,sluig,,,,
TRUE,oboes,6,regna,mille,speos,focus,twoes,oboes,,,,
TRUE,mulse,6,fluke,agade,hyrse,vepse,bowse,mulse,,,,
TRUE,azyme,6,bozal,tikur,demes,panne,chace,azyme,,,,
TRUE,phoby,6,voust,famed,cloop,proxy,phony,phoby,,,,
TRUE,darac,6,parch,carte,warks,jarmo,naric,darac,,,,
TRUE,liens,6,buses,works,avgas,lenis,lifts,liens,,,,
TRUE,regma,6,ziega,dessa,tecta,legoa,pegma,regma,,,,
TRUE,conky,6,shona,ginep,junco,conor,contd,conky,,,,
TRUE,xysti,6,frith,botts,palta,zesty,distn,xysti,,,,
TRUE,brott,6,skelf,ambon,chivw,poggy,tutto,brott,,,,
TRUE,calic,6,tetra,gains,bakli,mafic,lavic,calic,,,,
TRUE,eloge,6,homam,spitz,cuddy,flowk,glore,eloge,,,,
TRUE,tekke,6,scawl,pongo,fezzy,heved,remue,tekke,,,,
TRUE,didym,6,bagge,whill,prodd,fisty,vinci,didym,,,,
TRUE,hapax,6,nukes,thirl,pombo,wawah,capax,hapax,,,,
TRUE,bolis,6,betas,bocks,bogus,boons,boils,bolis,,,,
TRUE,khaki,6,vibix,empty,snork,glaga,khadi,khaki,,,,
TRUE,dawny,6,bozos,adlai,deave,drunk,danny,dawny,,,,
TRUE,pross,6,atrip,longs,seers,pumps,phoss,pross,,,,
TRUE,lough,7,purda,emove,bisti,cohog,woful,hoggy,lough,,,
TRUE,chore,7,fight,kumys,norna,belch,droop,whore,chore,,,
TRUE,resow,7,yills,award,house,feoff,beton,remop,resow,,,
TRUE,solen,7,cooch,worry,dongs,novae,joust,sozin,solen,,,
TRUE,otium,7,vivas,rerub,plouk,yomud,injun,tucum,otium,,,
TRUE,unlap,7,shoyu,cauda,aumil,leper,blawn,untax,unlap,,,
TRUE,snead,7,dinka,buteo,amens,chevy,glede,spear,snead,,,
TRUE,zanza,7,morne,study,capax,aalii,banba,ganja,zanza,,,
TRUE,bibby,7,spald,inone,gibbi,tibby,jibby,ribby,bibby,,,
TRUE,pouch,7,litui,copps,bonny,fogou,mowra,vouch,pouch,,,
TRUE,tatty,7,crane,hotta,putts,witty,matty,fatty,tatty,,,
TRUE,mumms,7,resex,facit,duddy,gumbo,lumps,humus,mumms,,,
TRUE,envoi,7,hanch,seepy,bowel,infix,enorn,entte,envoi,,,
TRUE,akene,7,gaucy,plots,dedan,mimir,khaja,aknee,akene,,,
TRUE,soldo,7,baris,pomel,woofy,colon,hollo,volto,soldo,,,
TRUE,girsh,7,rebed,track,fusil,wings,zimmy,hippo,girsh,,,
TRUE,amrit,7,gerah,surfy,carom,april,abrin,atria,amrit,,,
TRUE,bonum,7,jives,matzo,clunk,ruddy,oxbow,gnoff,bonum,,,
TRUE,dojos,7,borid,sodom,gotos,polos,cohos,kosos,dojos,,,
TRUE,cedre,7,farls,token,zebub,weedy,deice,hedge,cedre,,,
TRUE,poria,7,rehoe,firma,bursa,corta,norna,doria,poria,,,
TRUE,figgy,7,abysm,optic,diurn,lifey,wiggy,jiggy,figgy,,,
TRUE,robot,7,grigs,enzym,clawk,forth,doubt,boort,robot,,,
TRUE,cloff,7,craze,conny,cusso,choil,clomb,cloop,cloff,,,
TRUE,blore,7,piete,fadge,cruce,rhyme,sowle,bloke,blore,,,
TRUE,nancy,7,bebed,ploat,carny,gammy,faffy,navvy,nancy,,,
TRUE,teras,7,heats,veins,teems,teffs,tepas,texas,teras,,,
TRUE,yomin,7,soyas,gored,bolly,tooth,nomic,yomim,yomin,,,
TRUE,sugar,7,accum,furil,quoad,suzan,subas,sugat,sugar,,,
TRUE,funje,7,share,tydie,peeke,boule,nunce,funge,funje,,,
TRUE,befit,7,tennu,peaky,seqwl,rethe,debit,fecit,befit,,,
TRUE,spoil,7,swipy,sacra,smelt,snuff,slojd,shoos,spoil,,,
TRUE,pawaw,7,duole,twana,saiph,barff,jaggy,macaw,pawaw,,,
TRUE,abdat,7,pussy,adela,agron,attic,abaff,abwab,abdat,,,
TRUE,nonda,7,malmy,hexad,asoka,gobia,coppa,zonda,nonda,,,
TRUE,retip,7,mormo,acher,gleys,untin,petit,fetid,retip,,,
TRUE,gnarl,7,degas,phony,mazut,icica,gnawn,gnarr,gnarl,,,
TRUE,fells,7,vivek,drogh,palta,belly,mells,cells,fells,,,
TRUE,manse,7,lepra,kodak,sunni,acnes,wanze,bange,manse,,,
TRUE,steep,7,upget,shied,steek,steem,steel,steen,steep,,,
TRUE,kobus,7,jaime,coops,bonks,dolls,worts,fogus,kobus,,,
TRUE,kosin,7,belly,sugar,hoods,moism,nonic,posit,kosin,,,
TRUE,welch,7,flora,cheki,medle,betsy,hewgh,leuch,welch,,,
TRUE,grins,7,lyard,bones,fucus,mphps,swigs,knits,grins,,,
TRUE,awhir,7,ranty,jibed,forms,wrick,upupa,alvar,awhir,,,
TRUE,eaten,7,ornis,cleat,heady,abuta,nappe,taken,eaten,,,
TRUE,bejan,7,mergh,vexil,feste,benda,becap,bezan,bejan,,,
TRUE,guilt,7,phony,beeve,accur,lludd,skits,quilt,guilt,,,
TRUE,limey,7,filar,pixie,eidos,liken,libel,licet,limey,,,
TRUE,shied,7,aides,hewer,nosed,gybed,plied,ivied,shied,,,
TRUE,miffs,7,bixin,giust,vises,lidos,jiffs,ziffs,miffs,,,
TRUE,gyres,7,machi,seenu,dodgy,typer,byres,lyres,gyres,,,
TRUE,sikes,7,italy,recco,unhip,wived,fixes,kikes,sikes,,,
TRUE,coeno,7,vapor,biked,nonyl,mouch,cosse,coeff,coeno,,,
TRUE,miser,7,gemul,atria,voice,dikes,riser,wiser,miser,,,
TRUE,avoke,7,doesn,curvy,vitta,elbow,geoff,amoke,avoke,,,
TRUE,ammos,7,banba,fishy,scase,rooms,almas,atmos,ammos,,,
TRUE,rills,7,glack,wises,birls,viols,dills,nills,rills,,,
TRUE,accel,7,appar,amies,aloed,abnet,aweek,agley,accel,,,
TRUE,coses,7,ulmic,sapor,weent,jocks,yoghs,cobbs,coses,,,
TRUE,staid,7,prela,jinks,cuddy,dhobi,idist,aswim,staid,,,
TRUE,blots,7,umest,bayok,brins,boffs,blows,blocs,blots,,,
TRUE,ditch,7,svelt,imago,bundy,chick,witch,fitch,ditch,,,
TRUE,troad,7,stats,unwet,agral,homam,titar,troak,troad,,,
TRUE,araru,7,ousel,fanti,chawk,grapy,braza,aramu,araru,,,
TRUE,rehid,7,thorn,lapel,meshy,beech,deriv,redid,rehid,,,
TRUE,vexes,7,sairy,booth,npeel,cusec,edged,kexes,vexes,,,
TRUE,quick,7,stern,afoam,bucku,puggi,cuddy,hulch,quick,,,
TRUE,dasya,7,banat,karos,maxim,lazed,papua,caffa,dasya,,,
TRUE,sonar,7,laund,oscar,hepar,attar,sofar,sowar,sonar,,,
TRUE,beefy,7,jeans,ceded,belve,beigy,bewry,beety,beefy,,,
TRUE,fumer,7,braes,wevet,offer,dyker,purer,juger,fumer,,,
TRUE,gable,7,alosa,inlaw,dauke,carte,bable,hable,gable,,,
TRUE,limbi,7,linja,liter,lilly,limps,limbo,limbu,limbi,,,
TRUE,besot,7,mudde,frosh,sepoy,tejon,below,begot,besot,,,
TRUE,among,7,wehee,llama,currs,dizzy,banak,anton,among,,,
TRUE,noisy,7,lasty,vuggy,corsy,mopsy,donsy,boosy,noisy,,,
TRUE,incan,7,donne,gawsy,chick,tuart,nimbi,alpax,incan,,,
TRUE,shell,7,waves,doggo,rheme,shent,sheik,shelf,shell,,,
TRUE,rewan,7,harpy,lemna,reeve,reast,refan,reban,rewan,,,
TRUE,abate,7,honan,tripl,savvy,adeem,abaze,abaue,abate,,,
TRUE,wadis,7,tacky,hamsa,qaids,gades,sadis,vadis,wadis,,,
TRUE,mirky,7,phaca,blout,kreng,idism,zimmy,miffy,mirky,,,
TRUE,alcid,7,alloo,alang,alter,album,alish,alpid,alcid,,,
TRUE,yakut,7,toled,burka,spats,mavin,kauch,faggy,yakut,,,
TRUE,sicks,7,holds,kains,butts,feres,miggs,picks,sicks,,,
TRUE,volga,7,tubed,packs,gloom,infra,ajava,holla,volga,,,
TRUE,cogue,7,wheer,lifts,bumbo,canon,coypu,coque,cogue,,,
TRUE,dally,7,taffy,rawky,sabby,calmy,palay,lally,dally,,,
TRUE,kiths,7,egads,wists,tills,ninos,mitis,ritus,kiths,,,
TRUE,wreak,7,kenaf,sagas,byway,murat,codal,rizar,wreak,,,
TRUE,vodun,7,muffs,boyce,hokan,login,toxon,journ,vodun,,,
TRUE,modem,7,hares,impen,gemel,joyed,bouet,codec,modem,,,
TRUE,polly,7,tarsi,gudok,hoove,comby,jowpy,foxly,polly,,,
TRUE,kaiak,7,baffy,pated,haoma,navis,cacur,galli,kaiak,,,
TRUE,bonav,7,rover,hoody,poult,gowks,nonic,monax,bonav,,,
TRUE,memos,7,innet,slype,burro,awash,gooks,deeds,memos,,,
TRUE,regle,7,cosed,belah,petum,weeny,vexil,legge,regle,,,
TRUE,birch,7,dabba,sighs,wifie,ninut,vizzy,hillo,birch,,,
TRUE,zayin,7,tzars,oadal,naggy,baume,pavin,yakin,zayin,,,
TRUE,unaus,7,gorer,astay,flubs,chais,swaps,juans,unaus,,,
TRUE,conin,7,kutta,bisme,proxy,colog,covin,cocin,conin,,,
TRUE,meany,7,seric,bello,yeuky,heedy,wenny,jeany,meany,,,
TRUE,lodes,7,fleck,yameo,votes,hones,loges,lowes,lodes,,,
TRUE,trump,7,rebop,skulp,whump,grump,crump,frump,trump,,,
TRUE,relic,7,haika,celts,felup,welly,belve,melic,relic,,,
TRUE,volar,7,lobed,roupy,woons,corah,kotal,molar,volar,,,
TRUE,arter,7,dreks,prawn,crout,fritz,argle,artar,arter,,,
TRUE,carid,7,stash,omina,jabul,pawky,ragee,david,carid,,,
TRUE,orals,7,cufic,merks,panos,awols,lolls,ovals,orals,,,
TRUE,games,7,dorje,cumay,ahmet,limen,wames,kames,games,,,
TRUE,refel,7,pipra,throw,snuff,bedye,eeler,lemel,refel,,,
TRUE,agsam,7,ocrea,haunt,gibli,adjag,asway,avgas,agsam,,,
TRUE,sloot,7,retag,musth,ponos,oxbow,stood,scoot,sloot,,,
TRUE,fraze,7,bayou,lenad,sties,agape,crave,frame,fraze,,,
TRUE,melba,7,okays,gamed,letup,heinz,cecca,fella,melba,,,
TRUE,velic,7,panos,krivu,filii,belie,melic,telic,velic,,,
TRUE,dorse,7,envoy,click,summa,wroth,resex,gorse,dorse,,,
TRUE,borer,7,gansa,opelu,whift,reccy,krome,boxed,borer,,,
TRUE,surer,7,seine,sappy,stews,slock,smurr,suber,surer,,,
TRUE,meros,7,skits,hypos,bonos,demos,ceros,zeros,meros,,,
TRUE,wanze,7,baric,mayan,lauds,hange,fanwe,zanze,wanze,,,
TRUE,ewhow,7,styca,rouge,helio,offed,whoop,embox,ewhow,,,
TRUE,fanum,7,canch,manas,danli,nanny,bantu,ranee,fanum,,,
TRUE,saner,7,lyard,aotea,penes,cunei,maneh,ganev,saner,,,
TRUE,throu,7,ganza,fusel,cocci,trout,throw,throb,throu,,,
TRUE,amsel,7,virgo,apast,allyl,awful,accel,amzel,amsel,,,
TRUE,fardh,7,bedew,khoja,daisy,tacan,lampf,raghu,fardh,,,
TRUE,diets,7,bosom,wiggy,hiera,liest,kiefs,tiens,diets,,,
TRUE,fresh,7,theat,beefs,cleuk,dieri,gregg,freon,fresh,,,
TRUE,adrop,7,peeps,mooth,cling,quark,faddy,adrad,adrop,,,
TRUE,blayk,7,unboy,charr,piast,glave,flaff,alada,blayk,,,
TRUE,gleys,7,newel,micra,dulse,svelt,elegy,fleys,gleys,,,
TRUE,hemen,7,parrs,debye,tecon,neven,wezen,helen,hemen,,,
TRUE,jerib,7,spale,devow,reget,kerry,hermi,ceric,jerib,,,
TRUE,aspen,7,withy,zudda,boong,eleme,fraps,paven,aspen,,,
TRUE,konia,7,rubor,denda,tonka,gonna,ponja,conia,konia,,,
TRUE,gumma,7,alist,cooba,hanna,freya,dumka,jumma,gumma,,,
TRUE,erica,7,auric,hypes,miaow,frere,bring,krill,erica,,,
TRUE,crazy,7,bride,arvos,wrawl,graft,crank,crapy,crazy,,,
TRUE,taula,7,kubba,patta,varia,gamma,dacha,yalla,taula,,,
TRUE,alody,7,fujis,month,apoop,acock,above,alogy,alody,,,
TRUE,hyper,7,clasp,bevvy,porno,fremt,whirr,duper,hyper,,,
TRUE,berat,7,filth,trank,gayer,exude,poort,aetat,berat,,,
TRUE,aways,7,kombu,pechs,ixias,glads,stars,azans,aways,,,
TRUE,dojos,7,loope,robur,notan,hoggs,jocks,mozos,dojos,,,
TRUE,boffs,7,somne,footy,coaid,lobus,works,qophs,boffs,,,
TRUE,cobby,7,izars,model,toppy,hooky,bonny,foggy,cobby,,,
TRUE,bewry,7,chics,grame,kloof,veter,beryx,bendy,bewry,,,
TRUE,fiver,7,kolis,remue,dript,wiver,viver,aiver,fiver,,,
TRUE,gumby,7,miter,clavy,nonny,pussy,fudgy,huzzy,gumby,,,
TRUE,bipod,7,litui,picas,kioko,gigge,bivvy,biron,bipod,,,
TRUE,poche,7,river,nuque,sowse,zolle,modge,tophe,poche,,,
TRUE,early,7,duhat,libel,orals,gayly,fally,parly,early,,,
TRUE,grips,7,zoist,brims,prius,grigs,grids,grins,grips,,,
TRUE,fause,7,penal,birch,amove,suede,waste,zaque,fause,,,
TRUE,libya,7,nomen,filla,diaka,ticca,pipra,jizya,libya,,,
TRUE,backy,7,trapa,denes,alibi,hooch,wacky,jacky,backy,,,
TRUE,ether,7,saker,comer,nuder,river,fewer,hyper,ether,,,
TRUE,roper,7,yummy,login,sorer,toter,rober,rower,roper,,,
TRUE,saids,7,droit,puses,winks,cycas,glims,qaids,saids,,,
TRUE,ident,7,soled,uaupe,neigh,dinky,eject,inert,ident,,,
TRUE,genie,7,purry,inwit,bolis,adfix,hemin,genic,genie,,,
TRUE,wirer,7,divvy,hitch,rimas,fiber,winer,wiper,wirer,,,
TRUE,voids,7,doter,gopak,youff,hollo,iodic,joins,voids,,,
TRUE,swift,7,tosca,durzi,skyey,shill,snift,smift,swift,,,
TRUE,snite,7,drops,bizen,stine,slime,skice,shive,snite,,,
TRUE,palms,7,rogue,shaka,naifs,talas,palps,palls,palms,,,
TRUE,canos,7,aldea,tovah,majos,faros,kagos,pacos,canos,,,
TRUE,coils,7,gybes,okras,polis,toffs,mozos,coins,coils,,,
TRUE,rason,7,bught,wacke,japan,sarin,radon,ramon,rason,,,
TRUE,dinus,7,banat,lindy,sinon,vines,pinus,minus,dinus,,,
TRUE,bunce,7,tibey,adown,seeks,prune,buffe,bulge,bunce,,,
TRUE,devex,7,jowed,meres,henen,zebec,teaey,levee,devex,,,
TRUE,risqu,7,faire,winds,hippy,kizil,gigot,sissu,risqu,,,
TRUE,punks,7,teian,sylph,ruffs,nunks,gunks,dunks,punks,,,
TRUE,alans,7,pinna,suent,clang,bland,flank,llano,alans,,,
TRUE,layup,7,irons,hempy,playa,abuzz,gugal,dawut,layup,,,
TRUE,skald,7,sibby,shorl,sutta,skene,skags,skaff,skald,,,
TRUE,girth,7,trace,dildo,mimsy,fingu,kikki,bight,girth,,,
TRUE,koali,7,acedy,stoop,irgun,milha,xviii,babai,koali,,,
TRUE,alvah,7,sordo,emmet,cliff,alkyl,alban,alpax,alvah,,,
TRUE,vingt,7,intel,ovary,stink,cinct,binit,ninut,vingt,,,
TRUE,spaed,7,gobby,zulus,vance,attar,miked,seqed,spaed,,,
TRUE,venge,7,jambs,cooed,tippy,wrung,keeve,helge,venge,,,
TRUE,pardo,7,silts,peeve,pomak,proof,paauw,pandy,pardo,,,
TRUE,frier,7,kleig,vamos,diced,unweb,tehee,pyrex,frier,,,
TRUE,cribs,7,twigs,amins,olios,epics,shivs,dribs,cribs,,,
TRUE,crile,7,scurf,pager,jetty,bikol,emend,clich,crile,,,
TRUE,trapa,7,ewhow,cyrus,arati,dramm,braza,grana,trapa,,,
TRUE,alist,7,rummy,peans,kokil,gliff,alida,alish,alist,,,
TRUE,rangy,7,theek,pilaw,gagor,barmy,cadgy,fangy,rangy,,,
TRUE,sioux,7,mixed,firth,bisks,ninon,pilaw,jiqui,sioux,,,
TRUE,paolo,7,sparm,jotty,hazen,ladik,capax,baloo,paolo,,,
TRUE,cohue,7,sicle,atune,umbre,epode,fugue,ocque,cohue,,,
TRUE,dayak,7,jests,nunni,fardh,gamma,backy,dayal,dayak,,,
TRUE,anmia,7,nondo,riant,spues,magma,icica,anlia,anmia,,,
TRUE,ephah,7,bassy,dhava,purim,loche,annet,hewgh,ephah,,,
TRUE,geums,7,braye,mutts,gills,geeks,genos,gedds,geums,,,
TRUE,alite,7,irade,halve,socle,fytte,piete,axite,alite,,,
TRUE,delia,7,virgo,heals,kebab,feted,lenin,medii,delia,,,
TRUE,coxal,7,plonk,brits,zudda,leach,oolly,comal,coxal,,,
TRUE,augen,7,pause,rumbo,fulwa,junky,quean,tutin,augen,,,
TRUE,suers,7,lahar,dicot,ferny,ummps,krebs,guess,suers,,,
TRUE,tingi,7,harre,sonny,pinic,windz,minbu,vingt,tingi,,,
TRUE,soggy,7,fonds,lorum,bowie,hoppo,totty,cocky,soggy,,,
TRUE,euler,7,gobet,kneel,cerer,hyper,mider,aller,euler,,,
TRUE,rigol,7,bacca,fiefs,zinky,hipmi,lirot,vigor,rigol,,,
TRUE,doric,7,sotik,boric,moric,loric,roric,noric,doric,,,
TRUE,unman,7,mells,crang,windz,yampa,homam,kuman,unman,,,
TRUE,julid,7,mural,fusty,cubeb,dunno,luigi,kudzu,julid,,,
TRUE,linet,7,cache,krubi,onion,pests,idyll,limit,linet,,,
TRUE,laics,7,damia,narky,caupo,gaitt,saice,laich,laics,,,
TRUE,milty,7,samba,elong,tiffy,kippy,vizzy,willy,milty,,,
TRUE,ratan,7,bumpy,sagai,kanat,dalar,varan,catan,ratan,,,
TRUE,pluma,7,zoris,jakun,flyby,clave,alpha,gluma,pluma,,,
TRUE,chats,7,jalop,untax,addis,kvass,gears,whats,chats,,,
TRUE,hague,7,coxae,metze,skyre,annie,halwe,habbe,hague,,,
TRUE,steri,7,fasts,deign,piwut,cheve,smerk,stero,steri,,,
TRUE,colts,7,anear,flood,volto,bolts,jolts,molts,colts,,,
TRUE,prays,7,carer,alway,yonis,stabs,dyaus,frags,prays,,,
TRUE,yechy,7,howff,deice,berth,kelly,jemmy,peasy,yechy,,,
TRUE,scurf,7,coofs,ruler,asana,sissy,strub,sdump,scurf,,,
TRUE,scuba,7,lopes,samaj,swarf,study,shush,squin,scuba,,,
TRUE,eking,7,huffs,ilion,brite,amiga,exing,ewing,eking,,,
TRUE,bawly,7,peery,soncy,willy,fatly,madly,gayly,bawly,,,
TRUE,jirga,7,abhor,lurry,parma,girja,circa,virga,jirga,,,
TRUE,swale,7,unbog,piala,smalt,sealy,scald,shale,swale,,,
TRUE,reaks,7,howdy,verge,retar,repic,remus,reals,reaks,,,
TRUE,forth,7,marid,shrew,burut,porry,corvo,north,forth,,,
TRUE,lubra,7,maidy,upjet,snaff,cohol,abwab,kurku,lubra,,,
TRUE,barbu,7,writs,makuk,caned,yalla,gagor,barff,barbu,,,
TRUE,zesty,7,retia,hewgh,messe,festy,nesty,testy,zesty,,,
TRUE,matax,7,waily,hamus,janet,daraf,takao,cacam,matax,,,
TRUE,tiros,7,ungum,loope,barks,shris,dirts,wiros,tiros,,,
TRUE,askar,7,darii,gnarl,trooz,shyam,aquae,abbas,askar,,,
TRUE,velte,7,intue,tarde,whose,flype,beeve,legge,velte,,,
TRUE,benne,7,iddat,beefy,bergs,becco,belle,bevue,benne,,,
TRUE,porno,7,admix,covet,hoosh,jowpy,fogon,poulp,porno,,,
TRUE,surfs,7,moats,keels,discs,rufus,bunns,vuggs,surfs,,,
TRUE,awols,7,darbs,pines,thats,smous,gooks,flows,awols,,,
TRUE,islet,7,equus,newer,casey,bited,sphex,klieg,islet,,,
TRUE,leady,7,fairs,deota,lehay,leaky,leany,leavy,leady,,,
TRUE,egers,7,crawl,moose,nyxis,heres,guffs,skeps,egers,,,
TRUE,diver,7,towel,neper,raker,sider,giber,dimer,diver,,,
TRUE,yirrs,7,droob,kingu,titar,pilch,fifes,jisms,yirrs,,,
TRUE,oriya,7,mutch,gaper,fidia,ikona,asyla,oozoa,oriya,,,
TRUE,yemen,7,clint,rhymy,fanam,weeds,mezzo,yeven,yemen,,,
TRUE,befog,7,beent,berms,belli,begay,bedog,bebog,befog,,,
TRUE,pious,7,duals,mists,bices,vivos,finks,yirrs,pious,,,
TRUE,resid,7,quina,bitch,sepoy,melis,regie,redid,resid,,,
TRUE,cothe,7,arrie,golpe,hoboe,cosse,comte,coque,cothe,,,
TRUE,haldu,7,skats,meece,vairy,gazon,dadap,habub,haldu,,,
TRUE,cokey,7,gator,hoppo,doven,boxes,yokel,jokey,cokey,,,
TRUE,wrote,7,mukti,facto,pooty,snots,blote,grote,wrote,,,
TRUE,scion,7,tumid,beech,gansa,plonk,orson,sycon,scion,,,
TRUE,clone,7,barra,copus,cinel,chott,clonk,clong,clone,,,
TRUE,nayar,7,dears,knuth,zirai,appay,crcao,navar,nayar,,,
TRUE,marsi,7,korah,varec,pards,sarum,marry,maria,marsi,,,
TRUE,bored,7,malta,suyog,edwin,recco,drove,boxed,bored,,,
TRUE,third,7,newar,hussy,kikki,morro,thirl,thirt,third,,,
TRUE,naevi,7,caaba,dauke,hamel,wanty,garon,naifs,naevi,,,
TRUE,cocas,7,sheds,maxis,culls,coons,coats,cocks,cocas,,,
TRUE,scouk,7,tayer,chold,spong,suomi,swobs,scoff,scouk,,,
TRUE,hippo,7,gamey,sooth,whill,injun,riffi,bipod,hippo,,,
TRUE,sewar,7,kolas,ahsan,becap,serau,setae,segar,sewar,,,
TRUE,xysti,7,gimel,ahush,torcs,indin,stiff,wysty,xysti,,,
TRUE,mammy,7,gushy,bally,faffy,waney,pacay,marvy,mammy,,,
TRUE,agley,7,ervil,kanap,mochy,letty,fubby,gwely,agley,,,
TRUE,piped,7,yurak,bizet,limed,hided,jived,pined,piped,,,
TRUE,gamin,7,dryas,agena,laith,makuk,baboo,gamic,gamin,,,
TRUE,anime,7,faffy,eneas,inken,unrow,anvil,anice,anime,,,
TRUE,mania,7,gobby,reeks,paauw,falda,manna,manta,mania,,,
TRUE,sugis,7,notes,culls,husks,gurus,judas,bumfs,sugis,,,
TRUE,skewy,7,sibyl,stony,shapy,sudsy,seggy,skyey,skewy,,,
TRUE,moped,7,anlet,bogey,sorer,codec,hoped,doped,moped,,,
TRUE,coomb,7,glogg,azons,kioko,booty,rooed,hooch,coomb,,,
TRUE,etiam,7,ambar,colat,nisan,dewax,theah,pupae,etiam,,,
TRUE,triad,7,scrip,idion,maize,quirk,twill,trifa,triad,,,
TRUE,stipa,7,duets,wagon,sibby,smaik,slish,spiff,stipa,,,
TRUE,penni,7,shrip,vimpa,bedel,ketty,feign,cequi,penni,,,
TRUE,horns,7,utees,gasps,vrows,nomos,yodhs,honks,horns,,,
TRUE,hoppo,7,lolls,porta,doven,goofy,cocco,boiko,hoppo,,,
TRUE,older,7,hable,surer,edger,miter,dyker,loner,older,,,
TRUE,skite,7,trave,gnide,isize,exile,quite,boite,skite,,,
TRUE,osaka,7,lungs,charm,boast,sjaak,evade,isawa,osaka,,,
TRUE,woful,7,pound,volto,coryl,bowel,jokul,mogul,woful,,,
TRUE,ganja,7,ilama,banca,ganda,gansa,ganza,ganta,ganja,,,
TRUE,atlas,7,hater,assam,adjag,abwab,anlas,aulas,atlas,,,
TRUE,derve,7,chaws,vedro,leppy,rebid,tenne,merge,derve,,,
TRUE,moudy,7,safes,jinni,burgh,kooky,pouty,mouly,moudy,,,
TRUE,refry,7,fhrer,sixte,allow,kevyn,pedum,jeery,refry,,,
TRUE,acmic,7,teles,noway,bhima,kafir,mucid,immix,acmic,,,
TRUE,ansae,7,mazer,glick,abyss,afoot,ajaja,anend,ansae,,,
TRUE,ovary,7,beefs,ninox,clump,doray,ratty,orary,ovary,,,
TRUE,juris,7,auger,furzy,burbs,turns,hurds,puris,juris,,,
TRUE,gauds,7,caids,hands,fards,bawds,yauds,lauds,gauds,,,
TRUE,aroma,7,jaups,hoary,aerie,azlon,abkar,acoma,aroma,,,
TRUE,karma,7,spaik,heman,bully,addda,rocta,jarra,karma,,,
TRUE,inker,7,ileus,indew,inter,infer,inger,inner,inker,,,
TRUE,cadis,7,liger,janus,bacis,satis,hafis,kakis,cadis,,,
TRUE,caffa,7,afire,slang,datto,hapax,kamba,yacca,caffa,,,
TRUE,liens,7,shell,deedy,fress,avens,omens,glens,liens,,,
TRUE,batak,7,agist,rawly,havoc,pattu,batad,batan,batak,,,
TRUE,parka,7,jumby,coofs,kreng,vizir,awalt,harka,parka,,,
TRUE,kobus,7,abear,ixion,scoff,pouts,wombs,kohls,kobus,,,
TRUE,lutea,7,helio,furud,busby,cupel,luket,lumen,lutea,,,
TRUE,daunt,7,mensa,gaitt,pacht,rabot,zayat,naunt,daunt,,,
TRUE,amate,7,carap,sequa,flamb,kiaki,twant,agaze,amate,,,
TRUE,skill,7,moron,daffs,besee,sylph,swick,stilt,skill,,,
TRUE,arses,7,raven,corer,fides,axles,apses,asses,arses,,,
TRUE,sumos,7,seqed,spats,shuls,sinus,smrgs,scows,sumos,,,
TRUE,jammy,7,wooed,amrit,lycus,habab,gammy,mammy,jammy,,,
TRUE,oleum,7,stoot,lango,cowle,deled,hippy,ervum,oleum,,,
TRUE,ouabe,7,hexad,isort,uayeb,kouza,fleme,ocque,ouabe,,,
TRUE,resay,7,cocin,attar,behav,kemal,rewax,repad,resay,,,
TRUE,auloi,7,parsi,fotui,ovoli,xxiii,kenai,uluhi,auloi,,,
TRUE,routh,7,siver,tabla,dhoon,pommy,forth,couth,routh,,,
TRUE,folie,7,riced,spook,babul,lowth,gonzo,mommy,folie,,,
TRUE,agent,7,diact,gubat,appmt,aholt,angst,arret,agent,,,
TRUE,couma,7,bemas,whuff,oculi,gaunt,roupy,douma,couma,,,
TRUE,voles,7,typha,scone,birls,moues,loves,goles,voles,,,
TRUE,nemos,7,lunel,marsh,estoc,oxboy,gipon,demos,nemos,,,
TRUE,aglee,7,tweel,lader,clues,gehey,engem,kolea,aglee,,,
TRUE,spurt,7,tatie,formy,chung,stupp,spurs,spurl,spurt,,,
TRUE,arhar,7,sprad,vagal,woman,bekah,achar,athar,arhar,,,
TRUE,thilk,7,whirr,chino,shift,bhima,thigh,thill,thilk,,,
TRUE,aggro,7,ajiva,awner,aholt,ascus,admrx,appro,aggro,,,
TRUE,sarpo,7,talma,cadus,yakin,rawer,gazoz,barff,sarpo,,,
TRUE,scams,7,drank,shahi,scall,scape,scatt,scaff,scams,,,
TRUE,lease,7,sumpt,flory,nabal,chaja,evade,keawe,lease,,,
TRUE,grues,7,navel,styed,cubes,moses,keres,wifes,grues,,,
TRUE,fouth,7,twigs,honda,lovee,motor,cocky,pouff,fouth,,,
TRUE,wrest,7,cubed,solio,treks,fremt,grewt,wreat,wrest,,,
TRUE,eases,7,hanch,bagge,matax,jarvy,sakel,paseo,eases,,,
TRUE,velal,7,devow,petty,relic,jells,helge,melba,velal,,,
TRUE,tanzy,7,bagie,casks,haydn,wanly,fanny,panty,tanzy,,,
TRUE,drive,7,essay,tozer,beedi,plunk,fidge,crche,drive,,,
TRUE,tabid,7,leery,iiasa,quoth,tanan,taipi,tabic,tabid,,,
TRUE,rebia,7,throe,uparm,skeeg,bynin,aecia,redia,rebia,,,
TRUE,halva,7,pavin,fakes,rahul,baggy,hatch,haloa,halva,,,
TRUE,gaitt,7,embog,inlay,tipis,chuck,afara,gaddi,gaitt,,,
TRUE,heath,7,stead,leapt,teary,beati,meath,neath,heath,,,
TRUE,stich,7,malmy,noose,qurti,zitis,whift,stick,stich,,,
TRUE,desto,7,lacey,unfur,beeps,gemot,teiid,dekko,desto,,,
TRUE,piers,7,smily,zoned,tetra,fieri,biers,viers,piers,,,
TRUE,fidel,7,tawpy,juger,sones,xebec,kileh,divel,fidel,,,
TRUE,swain,7,meute,papyr,akkad,volga,jiffs,swizz,swain,,,
TRUE,dhobi,7,mafoo,spewy,buchu,iodid,kling,dioti,dhobi,,,
TRUE,rason,7,beans,apiin,cajan,randn,rayon,ramon,rason,,,
TRUE,child,7,filix,barmy,toist,cling,chive,chizz,child,,,
TRUE,dreng,7,least,crche,brief,grego,prexy,kreng,dreng,,,
TRUE,rethe,7,bruin,avars,eched,fplot,metze,kette,rethe,,,
TRUE,egrid,7,addnl,muses,trooz,kippy,reive,cheir,egrid,,,
TRUE,melch,7,umiak,glore,leets,bevvy,pendn,welch,melch,,,
TRUE,sulky,7,theol,ruvid,muffs,guaka,junky,bucky,sulky,,,
TRUE,mulga,7,bardy,tweil,aquas,kooka,vulva,mulla,mulga,,,
TRUE,peris,7,sekos,leets,heads,germs,verus,ferns,peris,,,
TRUE,durry,7,ayuyu,musty,curdy,burny,hurly,duroy,durry,,,
TRUE,stuck,7,guffs,chave,worst,kylix,stubb,stunk,stuck,,,
TRUE,rubes,7,kenai,puffy,mudde,gusto,jubes,lubes,rubes,,,
TRUE,ayens,7,fouls,hexis,japes,tzars,annas,avens,ayens,,,
TRUE,clags,7,deota,gasps,amins,bulls,chaws,czars,clags,,,
TRUE,doray,7,ables,groma,hazan,titar,oopak,foray,doray,,,
TRUE,goods,7,kails,morus,poses,coyos,noggs,foods,goods,,,
TRUE,gurry,7,teuch,koans,dilly,mummy,guppy,guffy,gurry,,,
TRUE,ditty,7,ovist,riche,gimpy,billy,tizzy,witty,ditty,,,
TRUE,golem,7,axers,poyou,bowne,iodic,hovel,totem,golem,,,
TRUE,enhat,7,campo,welts,azide,fryer,thegn,quauk,enhat,,,
TRUE,metif,7,aitis,butin,octic,fetid,petit,retie,metif,,,
TRUE,fezzy,7,punka,blots,merce,heygh,deify,yezzy,fezzy,,,
TRUE,carya,7,bedel,tamis,nakoo,pacay,haugh,vajra,carya,,,
TRUE,ganta,7,quags,keeve,hight,malay,fatwa,dabba,ganta,,,
TRUE,lames,7,wyver,mizen,ached,lopes,lubes,lakes,lames,,,
TRUE,asoak,7,youve,agoho,abord,amowt,anoli,asoka,asoak,,,
TRUE,telae,7,falla,gilim,coles,unlay,jelab,telar,telae,,,
TRUE,press,7,sumos,celts,jibes,dhaks,evens,preps,press,,,
TRUE,slaty,7,outby,newly,marty,dicty,agaty,platy,slaty,,,
TRUE,crare,7,kaphs,verdi,nobut,grece,craze,craye,crare,,,
TRUE,sorda,7,payen,groot,molal,hocus,rorid,sorva,sorda,,,
TRUE,orang,7,gluey,tachi,psora,boron,addax,franz,orang,,,
TRUE,chawk,7,airan,tampa,huzzy,booed,flaff,shags,chawk,,,
TRUE,lepre,7,wough,pikle,rasse,eleme,benne,tepee,lepre,,,
TRUE,tunny,7,dedit,banus,fungo,lunch,runny,punny,tunny,,,
TRUE,nevel,7,darii,volts,gunky,meech,bepen,level,nevel,,,
TRUE,creda,7,rauli,abave,secco,theah,freya,crena,creda,,,
TRUE,lewth,7,ellan,zizit,mooed,crche,tusks,leppy,lewth,,,
TRUE,koans,7,sadly,torus,coffs,hobos,novas,mosks,koans,,,
TRUE,piezo,7,xenon,ahwal,grope,jiffs,zimmy,pipet,piezo,,,
TRUE,scups,7,shams,supes,snots,spiks,slubs,scuds,scups,,,
TRUE,shiel,7,rebab,kooky,nixes,tweel,impel,chiel,shiel,,,
TRUE,toted,7,frown,pitta,cetus,mothy,botel,doted,toted,,,
TRUE,salet,7,howls,yarry,vague,bajan,mazel,sapek,salet,,,
TRUE,hasky,7,saiva,pagod,lally,hatty,hayey,hashy,hasky,,,
TRUE,binny,7,buist,bargh,boozy,bibby,billy,biffy,binny,,,
TRUE,dwale,7,kerfs,guily,obole,hazle,ample,ettle,dwale,,,
TRUE,pavan,7,girba,zoeas,pacay,palau,papaw,panak,pavan,,,
TRUE,novus,7,croon,musky,nappa,neist,nondo,noggs,novus,,,
TRUE,bruno,7,magas,rowel,vizor,cuddy,unorn,brunt,bruno,,,
TRUE,liman,7,amara,baile,dhoty,sluig,pipal,liwan,liman,,,
TRUE,retax,7,joust,marae,rizar,repay,regal,reban,retax,,,
TRUE,belch,7,ajari,cysts,eloge,whewl,lench,melch,belch,,,
TRUE,scalz,7,reich,sobby,spall,scalt,scald,scalf,scalz,,,
TRUE,hunky,7,beman,noily,cucuy,turvy,dungy,funky,hunky,,,
TRUE,tubar,7,sloop,berne,wicky,gaura,draff,attar,tubar,,,
TRUE,coley,7,scoon,reget,joyed,homey,louey,poley,coley,,,
TRUE,glops,7,needn,mufty,ligas,cross,whops,goops,glops,,,
TRUE,louis,7,corse,goods,mouls,pouts,nouns,jouks,louis,,,
TRUE,shuba,7,ambar,event,dosis,halch,whaup,shuff,shuba,,,
TRUE,hents,7,parli,otkon,neeze,cecum,benny,tenth,hents,,,
TRUE,homey,7,burry,fatly,messy,covey,hooey,hokey,homey,,,
TRUE,carer,7,spade,blurt,arrha,weren,firer,gorer,carer,,,
TRUE,aeger,7,tsine,cowed,puler,kaver,freer,ammer,aeger,,,
TRUE,bruit,7,acted,rumpy,slurs,bouto,brugh,bruin,bruit,,,
TRUE,farle,7,shent,favor,famed,faffy,facie,fable,farle,,,
TRUE,argon,7,wakes,quipo,rhomb,donny,grata,arzan,argon,,,
TRUE,shots,7,anglo,freed,mocks,ophis,stuss,shows,shots,,,
TRUE,nexus,7,caste,ogees,bills,durns,nymss,nevus,nexus,,,
TRUE,glace,7,wests,ruddy,capon,khila,blame,glave,glace,,,
TRUE,creed,7,talak,humid,yowed,speed,freed,dreed,creed,,,
TRUE,songo,7,anoil,hypes,moton,kongo,congo,bongo,songo,,,
TRUE,bingy,7,bozze,bawly,buddy,biffy,bivvy,binny,bingy,,,
TRUE,lango,7,gopak,czech,timbo,alloo,dunno,fango,lango,,,
TRUE,imide,7,runer,dealt,eyess,momme,fifie,chide,imide,,,
TRUE,meter,7,covin,ables,ryder,wheer,upper,emmer,meter,,,
TRUE,scaut,7,taish,berme,fusty,vodun,glaux,staup,scaut,,,
TRUE,metis,7,conns,preps,qiyas,deles,beths,fetus,metis,,,
TRUE,maill,7,jnana,ocote,radix,lampf,balli,mauls,maill,,,
TRUE,morin,7,gript,huzza,risks,jeery,colic,borid,morin,,,
TRUE,fraus,7,squit,anabo,claes,khass,drams,fraps,fraus,,,
TRUE,divan,7,awabi,proto,sices,gilia,jinny,vivax,divan,,,
TRUE,argon,7,moped,visas,floyt,whank,barra,augur,argon,,,
TRUE,ploys,7,earsh,lully,contg,blimp,flook,plops,ploys,,,
TRUE,brede,7,chine,duree,flake,gobbe,reeve,tsere,brede,,,
TRUE,jougs,7,coeff,yolks,potus,boars,zoons,hoggs,jougs,,,
TRUE,zeros,7,silds,humps,geeks,ceras,terns,verbs,zeros,,,
TRUE,acyls,7,choir,gapes,klaus,atlas,abyss,amyls,acyls,,,
TRUE,getic,7,avoue,cleck,rhymy,biset,enfin,getid,getic,,,
TRUE,doits,7,bowse,cotch,gonad,molls,fords,poops,doits,,,
TRUE,gunks,7,caste,moody,lulls,burps,jujus,guffs,gunks,,,
TRUE,abets,7,uvres,impis,waffs,colas,stays,beths,abets,,,
TRUE,spale,7,kitan,daddy,orage,smaze,shave,space,spale,,,
TRUE,drias,7,woden,appal,cujam,strad,zihar,ixias,drias,,,
TRUE,novem,7,gauge,seers,fiked,motet,colen,hooey,novem,,,
TRUE,elite,7,libel,rayan,ocote,skete,white,flite,elite,,,
TRUE,staia,7,groow,lysis,unmix,eddic,saqib,spaik,staia,,,
TRUE,pious,7,twoes,idols,phons,profs,poops,psoas,pious,,,
TRUE,luian,7,ewest,jacky,alibi,phial,friar,umiaq,luian,,,
TRUE,maars,7,phono,mufty,merle,maiid,masks,mamas,maars,,,
TRUE,scoop,7,totty,aurar,skiis,sheep,snoop,sloop,scoop,,,
TRUE,reeky,7,nosig,beryx,levet,decay,peery,reefy,reeky,,,
TRUE,dashy,7,hayne,pairt,calla,mambu,fados,jaggy,dashy,,,
TRUE,trims,7,telia,tinty,twirp,tuism,trios,trigs,trims,,,
TRUE,odors,7,troco,boody,alowe,suomi,knorr,fjord,odors,,,
TRUE,imban,7,puces,hooky,dimna,xviii,agnat,inlaw,imban,,,
TRUE,wuzzy,7,jules,guato,murmi,nunch,buddy,fuzzy,wuzzy,,,
TRUE,denar,7,tarmi,alvus,bogey,chard,rewan,kenaf,denar,,,
TRUE,corny,7,geeks,canzo,culch,comdr,coopt,coiny,corny,,,
TRUE,matar,7,patch,sated,latax,batak,qatar,tatar,matar,,,
TRUE,kalif,7,pukes,tibia,oncin,radix,kafiz,kamik,kalif,,,
TRUE,fouth,7,woden,kokos,aorta,potti,mouth,youth,fouth,,,
TRUE,spout,7,cukes,sabir,shojo,stond,slopy,smout,spout,,,
TRUE,fyces,7,mabel,inked,oxter,spues,eches,gyges,fyces,,,
TRUE,kwela,7,hopes,wreat,needn,akebi,flegm,cueva,kwela,,,
TRUE,coifs,7,whisk,suina,exits,glims,brios,voids,coifs,,,
TRUE,rusks,7,bixin,decke,quaky,tusks,husks,musks,rusks,,,
TRUE,kukri,7,oxboy,druze,swail,quick,tutti,kumni,kukri,,,
TRUE,nooky,7,iodic,bowla,posey,rorty,hoggy,mommy,nooky,,,
TRUE,domer,7,adept,moues,hoker,lower,voder,boner,domer,,,
TRUE,ferox,7,apter,zucco,meeks,bedog,nevoy,xerox,ferox,,,
TRUE,maist,7,flyte,jason,cadis,pappi,karma,waugh,maist,,,
TRUE,pagus,7,rebag,nunni,cadua,lamus,taxus,vagus,pagus,,,
TRUE,edged,7,fauns,geode,imply,egret,eched,ebbed,edged,,,
TRUE,norms,7,graze,outdo,cloys,boffs,monks,nomos,norms,,,
TRUE,witan,7,amaga,query,baith,ovoli,titis,kitan,witan,,,
TRUE,bairn,7,joram,graph,rainy,laius,daira,cairn,bairn,,,
TRUE,lemur,7,oidia,sphex,weeze,rerun,mecum,befur,lemur,,,
TRUE,myoid,7,fists,irwin,gobio,equiv,kylix,hyoid,myoid,,,
TRUE,lesya,7,intnl,shops,yeard,belly,gemse,wekau,lesya,,,
TRUE,phoby,7,swill,nugae,thoft,chook,rhomb,dhoby,phoby,,,
TRUE,sinon,7,ephor,oxbow,cytol,uskok,ammos,vison,sinon,,,
TRUE,tozer,7,juyas,owned,rover,moter,hoper,cooer,tozer,,,
TRUE,alley,7,corms,thuan,label,aided,aglee,afley,alley,,,
TRUE,naias,7,tucks,shogs,blaws,paris,dazes,manas,naias,,,
TRUE,donax,7,meles,niton,gnarr,adunc,dooja,doddy,donax,,,
TRUE,coeno,7,hated,bobol,soppy,moorn,connu,coing,coeno,,,
TRUE,giros,7,vouli,yasht,piing,sizes,oicks,birrs,giros,,,
TRUE,babes,7,polly,eerie,waken,hajes,vases,fabes,babes,,,
TRUE,noire,7,wunna,trigo,xviii,chich,foils,moier,noire,,,
TRUE,peage,7,zendo,kerfs,meech,leppy,petit,pewee,peage,,,
TRUE,giust,7,lamia,cicer,bison,jiggy,fifth,situs,giust,,,
TRUE,saiph,7,crcao,kakke,lawzy,mafia,gauds,taipi,saiph,,,
TRUE,moper,7,nooks,boily,torch,pomme,douar,roger,moper,,,
TRUE,msink,7,reads,sinky,choom,uninn,izing,twint,msink,,,
TRUE,aetat,7,xicak,obeah,murat,qanat,splat,detat,aetat,,,
TRUE,behen,7,ketch,peery,seams,nevel,jewed,heben,behen,,,
TRUE,liars,7,tafia,melos,rings,divas,licks,lisps,liars,,,
TRUE,learn,7,valsa,tuple,kokam,arach,diary,gnarl,learn,,,
TRUE,jules,7,ovula,utsuk,fence,jheel,judex,julep,jules,,,
TRUE,ronin,7,fedia,intil,ophic,vobis,kokio,yomin,ronin,,,
TRUE,imams,7,yawns,bolas,kreis,apass,thats,duads,imams,,,
TRUE,sides,7,lieut,bihai,dippy,nixon,mider,fides,sides,,,
TRUE,demes,7,burin,falls,wheys,smoos,jetes,dexes,demes,,,
TRUE,kylin,7,molge,filar,bulky,sylid,hylic,kylix,kylin,,,
TRUE,rupee,7,giant,brerd,choco,perks,lully,ruffe,rupee,,,
TRUE,doven,7,larum,sozin,boden,hogen,woken,doyen,doven,,,
TRUE,hocus,7,scoon,wrack,lesed,tutty,chump,gibbi,hocus,,,
TRUE,movie,7,ascon,loppy,domer,bogue,moxie,mowie,movie,,,
TRUE,stean,7,tanny,agoge,elamp,jehus,sixer,stead,stean,,,
TRUE,hutre,7,gymel,bebar,crock,whips,utend,furze,hutre,,,
TRUE,broma,7,curua,alala,vifda,emesa,gotha,oryza,broma,,,
TRUE,pussy,7,bruit,mango,duppy,sulky,huzzy,fussy,pussy,,,
TRUE,bable,7,merce,ligge,shole,fable,nable,table,bable,,,
TRUE,users,7,lepas,tombs,juris,eyess,chefs,sneds,users,,,
TRUE,keena,7,blebs,twerp,enemy,needn,feeze,keech,keena,,,
TRUE,palew,7,tazza,raghu,maven,waded,oases,balei,palew,,,
TRUE,sluit,7,belah,stulm,slung,slurp,sluff,sluts,sluit,,,
TRUE,peins,7,mitis,fards,coops,shivs,quins,pyins,peins,,,
TRUE,buran,7,darns,throu,firer,curby,murza,guran,buran,,,
TRUE,teems,7,rouge,styed,meeth,weest,feels,neeps,teems,,,
TRUE,homes,7,apods,sings,roves,loxes,cokes,totes,homes,,,
TRUE,nigel,7,phano,liven,fiber,mikes,wited,nizey,nigel,,,
TRUE,turks,7,filly,makuk,chute,unbow,turds,turps,turks,,,
TRUE,tesla,7,tired,tenso,texas,tewly,tellt,tecla,tesla,,,
TRUE,argel,7,madoc,erian,trawl,gruel,arvel,areel,argel,,,
TRUE,sprat,7,blabs,renin,carot,murut,arrgt,hyrst,sprat,,,
TRUE,borne,7,teloi,norms,foray,corke,doree,porge,borne,,,
TRUE,ziara,7,gated,fohns,cilia,jibba,mirza,pipra,ziara,,,
TRUE,secos,7,verst,pegma,lebes,denis,jehus,sekos,secos,,,
TRUE,adoxy,7,noels,cycad,babby,gramy,fuzzy,dhoty,adoxy,,,
TRUE,ivies,7,dares,blues,twoes,cymes,spies,exies,ivies,,,
TRUE,ragee,7,purge,moste,deare,lynne,ackee,razee,ragee,,,
TRUE,peaky,7,cream,dobla,unsty,jakey,heazy,weaky,peaky,,,
TRUE,balsa,7,nudes,matti,kasha,jagra,valsa,salsa,balsa,,,
TRUE,sinhs,7,trooz,japes,guffs,nymss,skins,sills,sinhs,,,
TRUE,taxir,7,lagna,payee,jakos,taich,tabut,tarmi,taxir,,,
TRUE,poems,7,borts,downs,coops,solus,hoggs,zoeas,poems,,,
TRUE,roker,7,matza,colog,dobby,houss,foxer,power,roker,,,
TRUE,bayed,7,ocker,vixen,wedel,sages,mayed,fayed,bayed,,,
TRUE,grimy,7,belie,nocks,updry,faffy,tizzy,rhymy,grimy,,,
TRUE,atilt,7,freir,willi,thilk,guily,bailo,stilt,atilt,,,
TRUE,midgy,7,genep,hauld,strix,imido,jiffy,biggy,midgy,,,
TRUE,septi,7,round,shale,smews,stiff,siket,sepic,septi,,,
TRUE,drawl,7,fesse,ratha,mormo,kunai,araby,crawl,drawl,,,
TRUE,meted,7,third,sound,caped,wyled,edged,feted,meted,,,
TRUE,tilty,7,hutre,gasps,blown,cylix,dilly,milky,tilty,,,
TRUE,eidos,7,rajah,booty,susie,geeks,dives,miffs,eidos,,,
TRUE,sider,7,fatal,whiny,scoup,seege,sizes,sided,sider,,,
TRUE,krans,7,stott,media,carrs,punas,frass,brans,krans,,,
TRUE,scoke,7,rowel,binge,kakke,spoke,stoke,smoke,scoke,,,
TRUE,stead,7,wavey,clink,bhuts,gramp,addax,defat,stead,,,
TRUE,mardy,7,miche,monad,musks,magma,marry,marty,mardy,,,
TRUE,akeki,7,lamba,snurp,oohed,vitae,yezzy,afifi,akeki,,,
TRUE,incra,7,lends,mahar,kioko,triga,uzara,infra,incra,,,
TRUE,tunas,7,parts,domus,hills,eneas,juyas,cubas,tunas,,,
TRUE,gemot,7,batik,segou,tenor,vejoz,depot,helot,gemot,,,
TRUE,cabob,7,paola,carry,cagui,cants,caddo,cahow,cabob,,,
TRUE,ethal,7,bokos,tunca,algid,yezzy,varve,phpht,ethal,,,
TRUE,frary,7,karou,giant,prahm,draws,braca,fraze,frary,,,
TRUE,rebuy,7,jokey,tawpy,senvy,heily,reddy,reccy,rebuy,,,
TRUE,exect,7,marge,pulls,henny,wooed,ccitt,eject,exect,,,
TRUE,hucks,7,babul,sturt,imino,epees,guffs,husks,hucks,,,
TRUE,scuse,7,olcha,upmix,ytter,gudge,venue,skuse,scuse,,,
TRUE,cloot,7,corin,cabda,clogs,clock,cloop,cloof,cloot,,,
TRUE,penis,7,india,refix,besit,lewie,genip,oenin,penis,,,
TRUE,woops,7,betag,crook,smous,fools,noons,woods,woops,,,
TRUE,rasse,7,lawzy,kaimo,cauch,tanga,parse,sasse,rasse,,,
TRUE,lilac,7,snail,carua,twice,diddy,vijao,pilaf,lilac,,,
TRUE,annul,7,leila,voraz,wynds,pgntt,bunch,manul,annul,,,
TRUE,singe,7,eidos,sikra,sievy,sitch,siusi,silen,singe,,,
TRUE,cangy,7,hinds,junco,manal,wanze,rangy,bangy,cangy,,,
TRUE,piney,7,flare,tooth,mendy,cunny,wingy,zinky,piney,,,
TRUE,enent,7,rials,zoque,wecht,effet,egypt,event,enent,,,
TRUE,maria,7,cones,plaza,mamba,maida,marka,marga,maria,,,
TRUE,hajib,7,affix,basin,halid,harim,habit,hagia,hajib,,,
TRUE,wazir,7,butte,woald,wicky,whish,wagga,warri,wazir,,,
TRUE,torcs,7,klans,sexts,whips,focus,booms,cords,torcs,,,
TRUE,radon,7,amuck,boras,penda,hadnt,nadir,radly,radon,,,
TRUE,shivy,7,didym,koali,septs,synch,shuff,shirr,shivy,,,
TRUE,where,7,aisle,tehee,vogue,crche,hynde,rheme,where,,,
TRUE,voder,7,pupal,jimmy,bewet,goxes,honed,coder,voder,,,
TRUE,scabs,7,comps,busts,vexes,hanks,scars,scags,scabs,,,
TRUE,duret,7,frock,bumpy,querl,rusts,hutia,gudge,duret,,,
TRUE,barbu,7,clash,trypa,minar,abuzz,edged,oxbow,barbu,,,
TRUE,coirs,7,spelk,assam,goric,rowdy,joins,toits,coirs,,,
TRUE,teste,7,seron,fecit,bedel,weste,geste,peste,teste,,,
TRUE,gusty,7,trier,match,lobus,vuggy,junky,fussy,gusty,,,
TRUE,rests,7,valew,derog,benny,retie,resup,restr,rests,,,
TRUE,doesn,7,sheet,views,queak,gledy,odeon,prepn,doesn,,,
TRUE,harbi,7,kooky,sulla,whirr,adman,effie,catch,harbi,,,
TRUE,relic,7,topau,bezzi,neeld,jemmy,felix,relig,relic,,,
TRUE,bewry,7,thung,arear,roils,cypre,jerry,vefry,bewry,,,
TRUE,mbori,7,sawed,frill,robin,upcut,mizzy,mhorr,mbori,,,
TRUE,idite,7,agist,ejido,peine,quire,blite,twite,idite,,,
TRUE,prats,7,creel,brain,arado,trays,wraps,frats,prats,,,
TRUE,snows,7,cruck,bhaga,tewit,monos,floss,swops,snows,,,
TRUE,grigs,7,milch,braid,urger,props,kriss,frits,grigs,,,
TRUE,pinot,7,simas,nitty,bilic,diver,hight,piwut,pinot,,,
TRUE,rears,7,dicty,puffs,shows,marks,gnars,bears,rears,,,
TRUE,sagai,7,pukes,modoc,bhaga,afifi,sanai,satai,sagai,,,
TRUE,umset,7,behap,comte,divel,queen,trues,skyey,umset,,,
TRUE,blues,7,kinin,doree,cafes,lubes,glues,slues,blues,,,
TRUE,bukat,7,touts,velal,namaz,cupay,gujar,duhat,bukat,,,
TRUE,velar,7,digit,unona,skell,aware,cappy,merer,velar,,,
TRUE,sabby,8,theos,bilin,guama,yarak,waspy,faddy,savvy,sabby,,
TRUE,tease,8,cough,paint,dreks,seamy,weave,fease,lease,tease,,
TRUE,carls,8,grade,oasts,cacas,caphs,calks,cains,cauls,carls,,
TRUE,batch,8,flump,chria,wytes,notch,hatch,gatch,datch,batch,,
TRUE,hards,8,unbar,tisic,ofays,semes,parks,jarls,wards,hards,,
TRUE,moppy,8,chama,demos,kinin,louty,roofy,poggy,jowpy,moppy,,
TRUE,fugie,8,saiph,yummy,bucco,kurku,tutti,gunne,julie,fugie,,
TRUE,lassu,8,baris,gazon,tamul,halch,wavey,fauld,kappa,lassu,,
TRUE,mavin,8,bemas,potto,chung,ladik,faqir,maxim,mania,mavin,,
TRUE,baccy,8,ligas,bowet,braky,bumpy,babby,baddy,baffy,baccy,,
TRUE,lints,8,stion,glede,knaps,burbs,hists,wilts,mints,lints,,
TRUE,liked,8,sidth,minae,wiled,fiked,diked,biked,piked,liked,,
TRUE,civil,8,flusk,arche,bibby,dixit,pilin,mimic,vigil,civil,,
TRUE,trows,8,podge,matta,stoff,whort,bronc,trois,troys,trows,,
TRUE,roist,8,viols,ghaut,brett,odist,zoist,moist,joist,roist,,
TRUE,madge,8,spado,matti,mahal,mazed,mambu,manky,madre,madge,,
TRUE,soled,8,yahan,crood,tided,ogeed,loxed,vowed,boled,soled,,
TRUE,foils,8,korma,hound,volto,yowls,soils,coils,boils,foils,,
TRUE,sweep,8,antal,hypes,devex,moier,cubeb,essee,skeeg,sweep,,
TRUE,quart,8,liles,bourr,pharm,acara,knark,dwarf,guary,quart,,
TRUE,titer,8,goofs,tandy,tibbu,tirer,tiler,ticer,tiver,titer,,
TRUE,auric,8,mothy,snape,bidar,crull,xxiii,wakif,juvia,auric,,
TRUE,siafu,8,coupe,salix,swans,smarm,sjaak,shahi,stagy,siafu,,
TRUE,manit,8,bebog,ditch,awful,sakis,tayir,mavin,mania,manit,,
TRUE,lobos,8,exits,roams,dolos,kosos,bozos,logos,locos,lobos,,
TRUE,sonar,8,dears,toffy,korin,lobal,jowar,mohar,zonar,sonar,,
TRUE,singh,8,lives,difda,sirki,sicht,sibby,simon,sissu,singh,,
TRUE,rises,8,ighly,tajik,rudds,ribes,ripes,rives,rimes,rises,,
TRUE,apeek,8,wagga,stiff,mohar,peace,bulky,ended,akpek,apeek,,
TRUE,power,8,nival,epopt,mergh,sober,yoker,coper,foder,power,,
TRUE,poler,8,brown,fecit,huger,rarer,doper,yoker,poser,poler,,
TRUE,fotch,8,cloop,mirac,tusks,devex,nocht,hotch,botch,fotch,,
TRUE,bizes,8,rouen,mates,wives,sixes,kikes,giles,yipes,bizes,,
TRUE,zitis,8,anour,weedy,stick,bibbs,highs,tills,fists,zitis,,
TRUE,unhit,8,chass,trend,gippy,kunbi,howff,immix,until,unhit,,
TRUE,licca,8,naoto,cumyl,whizz,eddie,vivas,billa,jirga,licca,,
TRUE,leith,8,gaped,chook,besin,femur,weeze,hexyl,tellt,leith,,
TRUE,boils,8,polka,boffs,bozos,botts,bonds,bogus,bowls,boils,,
TRUE,anama,8,vinew,adoxy,abuta,alapa,arara,asana,amaga,anama,,
TRUE,maybe,8,neume,calve,jamie,rappe,baste,wadge,mahoe,maybe,,
TRUE,bawls,8,sargo,hache,kakan,maist,fauld,yawls,wawls,bawls,,
TRUE,flang,8,calix,mergh,gnast,quaky,awald,flaff,flavo,flang,,
TRUE,nerds,8,pewee,negus,necks,nemas,nests,neifs,neons,nerds,,
TRUE,totes,8,edoni,chazy,preps,gobos,jolts,mosks,toffs,totes,,
TRUE,tolls,8,utile,moola,polls,bolls,rolls,dolls,lolls,tolls,,
TRUE,ruffe,8,laver,tough,kyrie,sucre,jubbe,queme,dunne,ruffe,,
TRUE,ovist,8,matra,fusil,kibei,coons,stith,twist,idist,ovist,,
TRUE,trawl,8,ansae,grama,pratt,wrack,urari,draff,bravo,trawl,,
TRUE,nazis,8,ogeed,whipt,aurum,qiana,facks,babas,navis,nazis,,
TRUE,arkie,8,tharf,lessn,korea,puggi,baddy,vivax,wreck,arkie,,
TRUE,daggy,8,trush,koban,cimex,valyl,waddy,jaggy,faggy,daggy,,
TRUE,sikar,8,fiche,wingy,riata,kills,pisum,sirki,sizar,sikar,,
TRUE,rolls,8,gisla,wryly,spelk,bovld,fouls,mools,rotls,rolls,,
TRUE,resit,8,acnes,emery,bodhi,slipe,vizir,rerig,refit,resit,,
TRUE,genal,8,rutic,melds,feeze,peaky,behav,nexal,legal,genal,,
TRUE,laves,8,drisk,seech,blams,autos,wanes,gages,paves,laves,,
TRUE,rache,8,jehus,virga,arear,kapok,layne,tazze,habbe,rache,,
TRUE,wauks,8,avows,hurds,labis,manes,patas,jaggs,cacks,wauks,,
TRUE,sudes,8,nasus,pocks,wries,gules,jutes,duxes,fuzes,sudes,,
TRUE,hienz,8,faire,gubbo,wicht,limen,divvy,kinks,hippi,hienz,,
TRUE,secos,8,casha,drisk,volto,bungy,feoff,memos,pepos,secos,,
TRUE,calls,8,seraw,abbot,yuchi,panna,malls,lalls,galls,calls,,
TRUE,pense,8,denis,benzo,menta,renne,hence,venue,sense,pense,,
TRUE,perty,8,wrast,gulix,rooed,ctene,empty,ketty,verty,perty,,
TRUE,dumky,8,tania,codol,merry,huzzy,gussy,duffy,duppy,dumky,,
TRUE,fades,8,ankle,guids,deers,cados,jades,sades,wades,fades,,
TRUE,zineb,8,shode,nibby,rimpi,cinct,fingu,linen,vinew,zineb,,
TRUE,jantu,8,aedes,taino,vagal,wacky,manuf,nantz,bantu,jantu,,
TRUE,nails,8,sasin,mamba,haler,faust,napoo,nandi,navvy,nails,,
TRUE,kaser,8,thala,sooky,abrim,dedan,vague,easer,raser,kaser,,
TRUE,comet,8,nifty,secos,gazee,kopek,rowel,tovet,bobet,comet,,
TRUE,enrut,8,phoby,waxer,smell,frizz,rudge,tennu,uncut,enrut,,
TRUE,aface,8,waker,axman,albus,adagy,avahi,ajaja,apace,aface,,
TRUE,bacis,8,gramy,slush,bibbs,basks,bands,batts,baffs,bacis,,
TRUE,artel,8,jelly,nanes,aview,apeek,arber,armed,argel,artel,,
TRUE,waver,8,carib,gauzy,dated,laser,raper,haver,kaver,waver,,
TRUE,direr,8,adpao,gruss,blink,every,wifed,mirex,hirer,direr,,
TRUE,hijra,8,lural,matha,dwyka,sofia,regga,briza,vinca,hijra,,
TRUE,kabel,8,grith,seavy,plupf,coded,babel,label,mabel,kabel,,
TRUE,trows,8,snake,cowry,iglus,prows,brows,vrows,frows,trows,,
TRUE,degas,8,spiff,rendu,besom,leche,wedgy,zetas,vegas,degas,,
TRUE,gazed,8,culet,popes,winey,rehem,faded,baked,gaged,gazed,,
TRUE,nerds,8,kerel,merat,berun,rerow,deriv,serfs,herns,nerds,,
TRUE,glare,8,kajar,expos,creta,fuzil,weren,alarm,blare,glare,,
TRUE,sider,8,ilium,wakhi,spete,scrob,seven,sizer,sixer,sider,,
TRUE,wends,8,jalee,netty,kefir,bedub,depoh,seeds,mends,wends,,
TRUE,depas,8,ivied,parus,glens,kokos,stats,cycas,bemas,depas,,
TRUE,senvy,8,globs,crunt,whase,kneed,jimpy,yezzy,neffy,senvy,,
TRUE,niota,8,sheds,maror,intil,axing,vicky,uinta,niata,niota,,
TRUE,nosed,8,bilby,fease,spock,nondo,noggs,noted,nowed,nosed,,
TRUE,jones,8,alcid,wrong,sekos,tofus,boxes,moves,zones,jones,,
TRUE,batel,8,foxed,tires,agnel,mazel,catel,hatel,patel,batel,,
TRUE,reneg,8,peine,leuma,feted,rekey,rexen,renes,renew,reneg,,
TRUE,lexic,8,gnome,skuas,hilly,xxiii,cebil,tewit,deriv,lexic,,
TRUE,sofar,8,stirk,seggy,shown,sarpo,scall,squad,somas,sofar,,
TRUE,muzzy,8,sloom,braky,weeny,guppy,cuffy,yummy,huzzy,muzzy,,
TRUE,malar,8,khasi,ungot,breva,mammy,maral,macaw,malax,malar,,
TRUE,leger,8,urubu,farcy,ninos,where,elder,rever,meter,leger,,
TRUE,spaik,8,cokey,kists,bravi,flang,quauk,sjaak,smaik,spaik,,
TRUE,spare,8,orris,ayuyu,baser,pecht,glenn,spake,spave,spare,,
TRUE,lakes,8,repay,dicta,buffe,naves,lames,lases,lazes,lakes,,
TRUE,piped,8,lites,wined,dived,hired,fifed,aimed,piked,piped,,
TRUE,vowel,8,nebel,towel,howel,rowel,jowel,dowel,sowel,vowel,,
TRUE,frats,8,wills,comus,beths,yanks,tsars,fraps,frags,frats,,
TRUE,doris,8,visne,roosa,lotus,gowds,copps,dorrs,dorms,doris,,
TRUE,ferns,8,attic,lulls,seres,herds,zeros,perks,berms,ferns,,
TRUE,rials,8,gotta,sweal,undim,bilbi,picky,fiars,vials,rials,,
TRUE,propr,8,rithe,arzan,brows,groof,droll,croup,proxy,propr,,
TRUE,atimy,8,zayin,skaff,queal,grith,amido,ajiva,awiwi,atimy,,
TRUE,goter,8,gardy,gulph,gimme,gregg,gecko,gnoff,gotos,goter,,
TRUE,azine,8,justo,areal,annie,abide,amice,avine,axine,azine,,
TRUE,carid,8,hadnt,larum,darya,karbi,fario,paris,varix,carid,,
TRUE,barly,8,leban,wlity,savoy,baccy,bardy,barmy,barry,barly,,
TRUE,paseo,8,skeps,rerun,ology,evade,batta,mafoo,passo,paseo,,
TRUE,camas,8,lanas,kavas,babas,majas,ragas,papas,samas,camas,,
TRUE,daggy,8,posed,faint,halch,kaaba,gaumy,yarry,dawdy,daggy,,
TRUE,primp,8,samas,undub,tizzy,eloge,whirr,crick,primi,primp,,
TRUE,monic,8,reune,soths,yomim,folio,ionic,conic,nonic,monic,,
TRUE,stoai,8,anmia,porge,kakas,tiwaz,lutao,shoat,scoad,stoai,,
TRUE,gored,8,turki,larve,herns,erred,cored,bored,pored,gored,,
TRUE,mirac,8,indii,chiro,spute,lacca,kikar,bigam,vijay,mirac,,
TRUE,baure,8,audad,keten,fogle,rhyme,cavie,sasse,uaupe,baure,,
TRUE,jowly,8,huffy,avery,wispy,molly,godly,booly,nonly,jowly,,
TRUE,javel,8,acies,rater,hayed,gazel,kabel,wamel,lapel,javel,,
TRUE,skeat,8,jacky,swipe,stond,shuba,skers,skelf,skeet,skeat,,
TRUE,hidel,8,meads,crony,white,kleig,idled,expel,fidel,hidel,,
TRUE,jawan,8,cries,doand,nahua,balmy,pagan,tanan,wakan,jawan,,
TRUE,salma,8,hemic,goopy,lards,balza,valsa,walla,malta,salma,,
TRUE,nassa,8,goods,ineye,panna,salta,bajra,caffa,kaska,nassa,,
TRUE,mimus,8,lance,drovy,highs,bitts,siums,kiwis,pimps,mimus,,
TRUE,doley,8,offer,golem,toled,voles,poley,holey,coley,doley,,
TRUE,culms,8,rufus,sughs,tuxes,kudos,juyas,bunns,mumms,culms,,
TRUE,testa,8,embus,kokio,alapa,regga,vesta,cesta,festa,testa,,
TRUE,crine,8,kovil,sabra,puggi,hinch,imide,ecize,write,crine,,
TRUE,riant,8,gippy,xinca,bisso,kileh,titan,fiard,miauw,riant,,
TRUE,gazel,8,sucks,britt,phono,addle,fleay,valva,wamel,gazel,,
TRUE,rabic,8,eppes,trank,valyl,bawra,caddo,farci,magic,rabic,,
TRUE,abray,8,melam,arian,auras,acrab,agrah,adrad,afray,abray,,
TRUE,heirs,8,recta,belee,devow,kemps,serfs,yeggs,hexis,heirs,,
TRUE,pishu,8,swang,buhls,ester,covid,hippy,mixup,kikki,pishu,,
TRUE,volar,8,dtset,cuing,mamba,oxfly,horah,rojak,popal,volar,,
TRUE,undee,8,phyma,dieri,klutz,bevue,funje,exode,ngwee,undee,,
TRUE,meres,8,kafir,ennew,boxed,jutes,cymes,reles,peres,meres,,
TRUE,lined,8,tical,kissy,miner,ginep,finew,dined,vined,lined,,
TRUE,money,8,serge,nixon,poppy,hobby,dowly,cooky,motty,money,,
TRUE,cooer,8,smash,betel,coner,coker,corer,coyer,coder,cooer,,
TRUE,shawl,8,melch,stopa,slavi,swarf,shang,shall,shaul,shawl,,
TRUE,ghees,8,pucks,esses,dexes,lanes,hires,momes,bytes,ghees,,
TRUE,toile,8,pikle,haole,cycle,bowle,molle,joule,voile,toile,,
TRUE,cooey,8,porns,toady,hobby,louey,cokey,cozey,covey,cooey,,
TRUE,temps,8,volts,kites,zebus,herms,jeans,feeds,yeggs,temps,,
TRUE,gambe,8,sacks,bauge,matie,jahve,eagle,fadme,nambe,gambe,,
TRUE,muffs,8,orage,kiwis,bulbs,duffs,puffs,huffs,tuffs,muffs,,
TRUE,toles,8,malic,polje,yolky,bolls,folds,holes,roles,toles,,
TRUE,brats,8,jemez,apaid,clast,guars,frays,brans,braws,brats,,
TRUE,fiked,8,cacei,mirex,hides,dizen,wifed,biked,liked,fiked,,
TRUE,donga,8,bothy,roves,xoana,cocoa,podia,nonda,longa,donga,,
TRUE,eemis,8,owned,sagra,quipu,bleck,messy,hexis,fetis,eemis,,
TRUE,rials,8,sayid,unurn,globs,acres,vivas,wisps,jills,rials,,
TRUE,lepas,8,dogal,makar,pulas,chwas,elias,nefas,tepas,lepas,,
TRUE,revay,8,arrha,waifs,emeer,vegan,bedad,reaal,retax,revay,,
TRUE,ireos,8,brujo,trass,vrows,krems,preys,frees,dregs,ireos,,
TRUE,gives,8,whorl,neeze,cacas,vuggs,fists,gimps,gibes,gives,,
TRUE,divas,8,fasts,boobs,rheas,annas,ixias,gigas,kivas,divas,,
TRUE,asana,8,aheap,ajava,abaca,agata,amala,arawa,anana,asana,,
TRUE,zeins,8,amora,jives,bungs,cedis,yelks,septs,weens,zeins,,
TRUE,aahed,8,murut,cabda,hasky,naevi,galee,faxed,pawed,aahed,,
TRUE,dolls,8,vespa,cundy,toils,gools,lolls,bolls,molls,dolls,,
TRUE,asyle,8,ansar,abode,amuse,ackee,axile,apple,attle,asyle,,
TRUE,ruffs,8,bonos,semes,turds,juyas,hulks,cuifs,guffs,ruffs,,
TRUE,ouija,8,benne,truck,alamo,xxiii,swipy,dvigu,quiff,ouija,,
TRUE,parus,8,oncer,burps,marls,farts,paras,pards,parks,parus,,
TRUE,tabes,8,bitch,glade,murut,sowan,typps,takes,taxes,tabes,,
TRUE,alcor,8,ennew,groat,cippi,molls,yarry,abaff,achoo,alcor,,
TRUE,pogey,8,cease,gyred,uzbek,exlex,motet,hooey,fogey,pogey,,
TRUE,nunry,8,coeds,tiraz,puppy,guffy,hulky,mummy,rubby,nunry,,
TRUE,crips,8,loose,spath,kirns,ruffs,brims,grigs,drips,crips,,
TRUE,manks,8,fawny,kamik,causa,raver,pangs,bands,manos,manks,,
TRUE,slaps,8,kedgy,tiraz,ovula,samps,shaps,swaps,snaps,slaps,,
TRUE,teuch,8,wited,henny,reeve,belap,gekko,jests,mecum,teuch,,
TRUE,boody,8,drago,hewel,izumi,toxon,yocks,poppy,foody,boody,,
TRUE,aimer,8,butsu,waxen,agiel,acker,amper,arder,aiver,aimer,,
TRUE,ixtle,8,aalii,bosky,murut,fidel,cline,ettle,iztle,ixtle,,
TRUE,palar,8,shute,campo,langi,daryl,bawra,kazak,jalap,palar,,
TRUE,horal,8,yetts,acorn,viral,dural,moral,goral,loral,horal,,
TRUE,kakis,8,facts,yards,oasis,nabis,palis,hajis,maxis,kakis,,
TRUE,harms,8,lithe,saucy,jawan,garoo,hards,harps,harks,harms,,
TRUE,benjy,8,slite,haddo,yezzy,repry,kebby,gemmy,fenny,benjy,,
TRUE,campi,8,stail,amigo,wirra,kayan,daube,hajji,pappi,campi,,
TRUE,casco,8,youse,adapa,iring,tamal,jacks,bahoo,wasco,casco,,
TRUE,yahan,8,bhima,kutch,enage,apods,jazzy,fanal,rayan,yahan,,
TRUE,taunt,8,wards,naevi,layup,bafta,kanzu,match,gaunt,taunt,,
TRUE,chins,8,agile,prism,twink,djins,foins,quins,shins,chins,,
TRUE,pound,8,refry,agast,quink,wound,bound,mound,hound,pound,,
TRUE,licht,8,hacht,socht,dicht,wicht,micht,nicht,richt,licht,,
TRUE,trank,8,xysti,jocko,amhar,pared,quant,wrang,brank,trank,,
TRUE,jewry,8,ligge,equus,bonny,mercy,peppy,reddy,jeery,jewry,,
TRUE,hidel,8,skees,robed,facet,impel,zizel,divel,nigel,hidel,,
TRUE,resup,8,zohak,wring,bully,jeers,perdu,sevum,recur,resup,,
TRUE,dally,8,cumay,letty,shivy,barry,nappy,daggy,dawdy,dally,,
TRUE,shiva,8,chazy,think,whils,shide,shish,shirr,shiai,shiva,,
TRUE,kaneh,8,myoma,sueve,bater,japed,galei,zazen,hacek,kaneh,,
TRUE,lakie,8,heiau,rased,walty,kafka,banco,eagle,mavie,lakie,,
TRUE,torma,8,yadim,loges,cotan,rompu,kooka,morra,torta,torma,,
TRUE,vagus,8,rewed,manqu,gaols,yaups,favus,tagus,kagus,vagus,,
TRUE,smaze,8,bouse,salve,stite,skene,scape,shade,swage,smaze,,
TRUE,stoke,8,objet,quawk,stivy,stond,stope,store,stole,stoke,,
TRUE,fizzy,8,eches,troad,xylyl,zingy,jimmy,kippy,vizzy,fizzy,,
TRUE,abode,8,batan,axers,aldol,azoic,avoke,agoge,adobe,abode,,
TRUE,gamma,8,ephor,kaiak,matty,canun,dafla,wagga,bassa,gamma,,
TRUE,slave,8,cagey,retax,vills,kusha,adobo,emane,spave,slave,,
TRUE,doers,8,scatt,jupes,meeds,ghess,obeys,ireos,koels,doers,,
TRUE,mucks,8,roups,tikis,claes,dunks,hucks,gucks,bucks,mucks,,
TRUE,rawky,8,gaize,salts,banca,fardh,vapor,mammy,kaury,rawky,,
TRUE,stamp,8,wacks,bindi,goury,asset,tzaam,slash,staff,stamp,,
TRUE,feued,8,swape,viver,unbet,dozed,juked,gleed,eched,feued,,
TRUE,purer,8,blast,ewder,roper,giver,upher,fumer,puker,purer,,
TRUE,babas,8,pinky,degas,amaas,soras,tufas,javas,calas,babas,,
TRUE,skete,8,theos,sneck,steed,spell,sieur,sweat,seege,skete,,
TRUE,fully,8,couac,birri,sheng,jutty,wuzzy,duffy,puppy,fully,,
TRUE,cords,8,fazed,iphis,swots,yocks,noggs,dojos,lobus,cords,,
TRUE,acate,8,slent,buggy,corke,faade,weave,hiate,amate,acate,,
TRUE,boxes,8,gotch,poyou,roman,wowed,losel,jokes,foxes,boxes,,
TRUE,gules,8,sibby,ankus,elops,jests,rudds,culls,mules,gules,,
TRUE,brujo,8,donax,chirl,revue,trogs,orrow,bruzz,brubu,brujo,,
TRUE,local,8,hales,doaty,copia,bombo,rojak,vocal,focal,local,,
TRUE,pomey,8,ouphs,litra,pocky,podgy,pozzy,pobby,pommy,pomey,,
TRUE,osela,8,lally,azole,scalx,moils,tesla,kwela,prela,osela,,
TRUE,looky,8,oxids,henry,woozy,goopy,booby,cooly,footy,looky,,
TRUE,ureas,8,bajau,dopas,chias,fetas,lunas,skuas,uveas,ureas,,
TRUE,braxy,8,lapps,yogee,abray,chivy,quaky,trady,frary,braxy,,
TRUE,remet,8,heats,ferri,decke,leger,retem,revet,rewet,remet,,
TRUE,roque,8,stirp,axmen,gregg,bowly,hoove,coude,zoque,roque,,
TRUE,badge,8,ainoi,skeps,rugae,jalee,cadge,wadge,gadge,badge,,
TRUE,earns,8,bobol,facks,rasps,gauds,hazes,maars,warts,earns,,
TRUE,asked,8,fluff,conto,babas,siper,gyved,hewed,added,asked,,
TRUE,gable,8,herba,sumen,coati,jawab,padge,kakke,bagle,gable,,
TRUE,morns,8,luffs,yerks,wards,horns,corns,sorns,porns,morns,,
TRUE,faxes,8,thule,rooks,nemas,pyxis,zaxes,saxes,waxes,faxes,,
TRUE,sarip,8,zemmi,ripal,fraud,swigs,savoy,sanka,saqib,sarip,,
TRUE,yuman,8,payed,linum,coony,brawn,ahsan,tufan,kuman,yuman,,
TRUE,salep,8,bleat,idaic,lammy,ragee,fakes,wasel,sazen,salep,,
TRUE,teest,8,raged,oxfly,knute,bitis,whewt,stept,eject,teest,,
TRUE,inmew,8,parts,mucky,villi,bongo,whine,infix,indew,inmew,,
TRUE,later,8,clung,aweek,imped,totes,hater,rater,bater,later,,
TRUE,maras,8,gotha,ailie,bucku,javan,yaray,param,farad,maras,,
TRUE,podex,8,petro,piaba,polos,poche,pouff,poney,poxed,podex,,
TRUE,swape,8,secre,stine,souse,sable,spave,shake,swage,swape,,
TRUE,koels,8,paauw,roven,soldi,loofs,hoggs,yocks,botts,koels,,
TRUE,refed,8,pudic,rewon,resee,remet,regel,rekey,rebed,refed,,
TRUE,quins,8,senex,namma,booty,frugs,pilus,djins,chins,quins,,
TRUE,vehme,8,gowns,repay,celli,meeth,hexed,zebub,femme,vehme,,
TRUE,comid,8,ganam,mucks,birth,depel,offic,iodid,covid,comid,,
TRUE,ruses,8,loner,trued,pages,seres,bises,muses,fuses,ruses,,
TRUE,samen,8,troak,jibbs,gemul,campe,mammy,hamsa,famed,samen,,
TRUE,craye,8,larch,cowan,cruet,cribs,crazy,crape,crave,craye,,
TRUE,jacky,8,cumay,abbey,nairy,pally,tasty,faffy,hacky,jacky,,
TRUE,ocque,8,bouge,jesse,parle,didie,choke,fytte,nunce,ocque,,
TRUE,shams,8,drogh,immit,weans,slaps,scabs,shahs,shays,shams,,
TRUE,bowed,8,goers,pombo,coden,joyed,doled,toked,boxed,bowed,,
TRUE,qanat,8,agsam,topaz,byway,chian,exeat,jurat,kanat,qanat,,
TRUE,muddy,8,pinky,valmy,surgy,cutey,huffy,dumby,muzzy,muddy,,
TRUE,rimal,8,elute,izard,aroar,chian,silas,pibal,viral,rimal,,
TRUE,jinny,8,ramta,excel,undig,shish,powny,binny,finny,jinny,,
TRUE,lambs,8,slaws,netts,pucks,idyls,halas,garbs,jambs,lambs,,
TRUE,tamas,8,urubu,widen,lacto,hasps,gaffs,javas,kakas,tamas,,
TRUE,ginzo,8,ihram,buoys,wifed,tingi,linon,zinco,pinko,ginzo,,
TRUE,skart,8,taise,porky,urban,amaga,scalx,stark,swart,skart,,
TRUE,kiter,8,softa,pricy,verde,inket,uzbek,limer,giher,kiter,,
TRUE,rinds,9,cread,divvy,minks,pinus,sings,hints,finds,winds,rinds,
TRUE,bunch,9,fidel,cobus,zakat,unurn,guppy,hunch,munch,nunch,bunch,
TRUE,moner,9,helio,swamy,buxom,freer,goner,coner,toner,zoner,moner,
TRUE,aedes,9,mango,wisht,excud,brake,peppy,devas,sells,feeds,aedes,
TRUE,jibed,9,mirak,silly,tight,dione,fifed,bided,viced,wiped,jibed,
TRUE,nurse,9,rears,hunky,julie,fugue,puree,burse,turse,curse,nurse,
TRUE,matin,9,physa,broon,daven,kakan,cajun,fagin,taxin,latin,matin,
TRUE,linge,9,toust,hewed,anele,zimme,yince,ringe,pinge,binge,linge,
TRUE,winks,9,mixup,silds,aitis,vivos,fifes,ricks,kinks,ginks,winks,
TRUE,meats,9,grogs,jives,sends,beefs,pelts,teats,keats,heats,meats,
TRUE,cates,9,urson,gazel,cadew,capes,caves,cafes,cakes,cames,cates,
TRUE,jared,9,klino,stats,fubby,recap,mazda,warve,hared,eared,jared,
TRUE,freed,9,curly,sixer,bated,hewed,zoned,dreed,greed,preed,freed,
TRUE,weans,9,shays,gnars,twaes,beaus,leaps,means,jeans,deans,weans,
TRUE,ester,9,baret,sphex,mimes,luger,ceder,noser,wryer,esker,ester,
TRUE,kenny,9,yeans,temne,heinz,genny,lenny,jenny,fenny,benny,kenny,
TRUE,mairs,9,dhaks,calfs,nanes,rajas,wasts,maros,maims,maius,mairs,
TRUE,patty,9,frore,jizya,dusky,wanty,matty,hatty,batty,catty,patty,
TRUE,padri,9,anlia,shood,darac,matti,yaqui,bagdi,kaiwi,pappi,padri,
TRUE,rubus,9,finks,hayes,poros,vuggs,bulls,mutts,sudds,jubus,rubus,
TRUE,maana,9,yameo,hakam,babus,ratti,vanda,lacca,nappa,magma,maana,
TRUE,rives,9,kevin,lover,divet,wives,fives,gives,vives,hives,rives,
TRUE,flays,9,tills,macks,slavs,glads,alans,blabs,elaps,flaws,flays,
TRUE,wared,9,heild,added,caved,sabed,gated,famed,waned,waxed,wared,
TRUE,riles,9,tubae,xylol,viler,wiles,giles,piles,miles,files,riles,
TRUE,modus,9,fease,toxon,gobby,cocci,sophs,molls,morus,momus,modus,
TRUE,serin,9,bitsy,redox,leila,herms,ferri,kerve,gerip,ceric,serin,
TRUE,buzzy,9,vills,marko,genep,buchu,bubby,buddy,buffy,butty,buzzy,
TRUE,josey,9,hypes,siree,waded,ousel,coset,nosey,mosey,bosey,josey,
TRUE,niuan,9,cavin,axman,irian,towan,dedan,susan,zigan,lipan,niuan,
TRUE,sized,9,odour,annas,icily,defet,biked,hided,jived,mimed,sized,
TRUE,mappy,9,vinew,poggy,rhymy,fussy,alday,tabby,jazzy,cappy,mappy,
TRUE,toile,9,geist,apiol,wried,chich,imino,quiff,blibe,exile,toile,
TRUE,tarte,9,taxer,tacky,tapit,tanga,taros,tarve,tarde,tarre,tarte,
TRUE,suddy,9,wehee,knout,carry,mimzy,dully,vuggy,fubsy,puddy,suddy,
TRUE,remex,9,sayal,cotch,finew,breek,uvver,reded,repeg,reree,remex,
TRUE,facks,9,eveck,mahal,paris,gauss,tacos,cacks,jacks,wacks,facks,
TRUE,zeros,9,dipso,unnet,balow,kosos,gyros,ceros,heros,meros,zeros,
TRUE,layed,9,colla,hithe,queak,waddy,dangs,pared,famed,bayed,layed,
TRUE,giros,9,louey,pitch,vivid,jinja,bibbs,riffs,misos,wiros,giros,
TRUE,canap,9,dogey,ccitt,casks,caama,cajun,caval,capax,carap,canap,
TRUE,rucky,9,resew,ranal,roric,rubby,rummy,ruddy,rutty,ruggy,rucky,
TRUE,japes,9,shure,pasan,camel,dates,gages,eaves,wakes,babes,japes,
TRUE,soign,9,heize,quirl,swipy,sniff,stint,saiva,skims,scion,soign,
TRUE,mafic,9,yogis,dabih,facia,wakif,matie,maniu,mazic,malic,mafic,
TRUE,eager,9,slent,abuzz,cicer,power,rager,jager,yager,fager,eager,
TRUE,lakes,9,alawi,bourg,nanas,pacts,haems,falls,saves,lazes,lakes,
TRUE,sades,9,pikas,flabs,noses,zaxes,races,games,saves,sates,sades,
TRUE,derry,9,means,lepry,vefry,jeery,herry,kerry,terry,berry,derry,
TRUE,sight,9,zygon,tight,bight,right,dight,fight,hight,light,sight,
TRUE,dobie,9,snite,aerie,movie,folie,popie,doxie,dowie,dogie,dobie,
TRUE,flogs,9,tehee,fidos,farms,folks,flops,flocs,floss,flows,flogs,
TRUE,wirer,9,reeky,moons,phaca,effie,uigur,diver,liter,jiber,wirer,
TRUE,skeet,9,razes,defet,unnet,boget,emmet,sleet,sheet,sweet,skeet,
TRUE,hikes,9,iraqi,octic,lippy,winks,biffs,mises,vives,hides,hikes,
TRUE,aahed,9,bauno,halal,mawed,gazed,raved,faded,japed,cased,aahed,
TRUE,clash,9,volga,hashy,beedi,uhuru,amaas,slant,flask,plash,clash,
TRUE,timor,9,toric,taqua,tweed,tripl,thong,tiffs,tibby,tikor,timor,
TRUE,sneap,9,summa,slaws,stogy,serab,sivan,sheaf,snead,sneak,sneap,
TRUE,riden,9,blizz,traik,emong,nisse,picry,fired,diner,riven,riden,
TRUE,zapus,9,hying,reast,somma,addax,luffs,jacks,wasps,babus,zapus,
TRUE,aeron,9,gardy,struv,kerne,feral,zerma,xeric,rerob,heron,aeron,
TRUE,yokes,9,twice,slunk,feyer,podex,gooey,hoses,moves,jokes,yokes,
TRUE,goran,9,ranty,abave,props,mohar,iowan,koran,coran,loran,goran,
TRUE,mecca,9,foals,grewt,babby,xviii,huzza,addda,jenna,cecca,mecca,
TRUE,nudge,9,finds,hooey,kerve,table,judge,pudge,gudge,wudge,nudge,
TRUE,slype,9,immit,zakah,egers,cycle,unode,vepse,blype,flype,slype,
TRUE,bourr,9,ajari,swure,unurn,thurm,loury,fourb,bourg,bourd,bourr,
TRUE,skids,9,stoot,sylid,suing,seize,shiah,spiff,swiss,skims,skids,
TRUE,hurst,9,shoer,laang,tumps,busby,ruvid,kurku,curst,wurst,hurst,
TRUE,casas,9,soles,rimas,punas,wakas,dadas,javas,cacas,cabas,casas,
TRUE,nitty,9,sabot,rivel,kiddy,hinny,tippy,jiffy,mimzy,witty,nitty,
TRUE,binny,10,dyker,filao,pinup,sinhs,jinny,minny,ninny,ginny,tinny,binny
FALSE,sayer,10,tease,quegh,wales,jared,ramex,saver,saker,safer,saber,saner
TRUE,wages,10,blank,dross,amies,epees,fazes,taces,hajes,waves,waxes,wages
TRUE,yangs,10,first,eleme,nocks,bunns,vangs,pangs,hangs,dangs,gangs,yangs
TRUE,gangs,10,trass,clefs,numis,zapas,kaons,bawds,yangs,hangs,vangs,gangs
TRUE,rumps,10,kanap,creed,goopy,ummps,humps,sumps,bumps,jumps,lumps,rumps
TRUE,felly,10,scala,helly,telly,kelly,gelly,welly,belly,delly,jelly,felly
FALSE,wages,10,hobos,treys,qaids,maces,gazes,napes,safes,wales,waves,waxes
TRUE,beman,10,brome,bibbs,beety,belap,bedad,bekah,bejan,began,bezan,beman
TRUE,tamer,10,pepos,alden,mater,taber,tawer,tayer,taver,taxer,taker,tamer
TRUE,ousts,10,lears,spivs,wynds,mozos,hucks,tutus,justs,gusts,busts,ousts
TRUE,milly,10,dette,sains,youff,hipmi,biggy,mizzy,micky,mimly,mirly,milly
TRUE,hayer,10,kohls,anura,meith,darby,papyr,hagar,haver,hawer,hazer,hayer
TRUE,wanna,10,terry,solfa,anama,vicia,padda,nahua,kanga,banba,zanza,wanna
FALSE,sawed,10,carid,baned,paved,waged,taxed,eased,hazed,dawed,yawed,mawed
TRUE,damia,10,acnes,fogou,ijmaa,lamda,mamma,kamba,hamza,ramta,yampa,damia
TRUE,coyer,10,kedge,brujo,zamia,wyles,hooey,covet,coper,coner,corer,coyer
TRUE,pears,10,alcid,notes,gears,years,rears,hears,sears,bears,fears,pears
TRUE,sabes,10,glomi,caret,hawed,jasey,nanes,paxes,sakes,safes,saves,sabes
TRUE,coved,10,snoga,pipid,bourd,toled,yowed,hoked,foxed,cozed,coded,coved
TRUE,vests,10,asarh,musty,weste,pests,gests,zests,bests,tests,jests,vests
TRUE,burps,10,ianus,tress,fours,mumms,pulls,vughs,burds,burys,burbs,burps
TRUE,hares,10,epulo,brith,sheer,carey,jared,mares,nares,wares,fares,hares
TRUE,soter,10,boiko,lousy,voted,notes,goter,toter,roter,poter,moter,soter
TRUE,cassy,10,spave,uinta,kakar,jaggs,waddy,lally,babby,hammy,faffy,cassy
TRUE,pinal,10,deled,cubic,wyson,kappa,ajari,intnl,nihal,vinal,final,pinal
FALSE,tains,10,bight,daily,naias,wains,sains,rains,pains,mains,cains,fains
TRUE,jades,10,xerus,bacis,pangs,wakas,majos,sades,hades,fades,lades,jades
FALSE,rated,10,fogon,heiau,avera,essee,baled,wared,mayed,japed,razed,raxed
FALSE,hells,10,pleon,zilla,fully,wells,bells,mells,cells,dells,jells,tells
TRUE,toons,10,spade,gluon,knots,roofs,boobs,zoons,noons,moons,woons,toons
TRUE,water,10,dusio,tanha,yabby,eaver,cager,mater,later,pater,rater,water
TRUE,darts,10,oared,carri,karts,marts,tarts,warts,parts,farts,harts,darts